"pitches","player_id","player_name","total_pitches","pitch_percent","ba","iso","babip","slg","woba","xwoba","xba","hits","abs","launch_speed","launch_angle","spin_rate","velocity","effective_speed","whiffs","swings","takes","eff_min_vel","release_extension","pos3_int_start_distance","pos4_int_start_distance","pos5_int_start_distance","pos6_int_start_distance","pos7_int_start_distance","pos8_int_start_distance","pos9_int_start_distance","pitcher_run_exp","run_exp"
85,605141,"Betts, Mookie",372,22.8,0.357,0.329,0.365,0.686,0.494,0.431,0.312,25,70,92.1,22.8,2179,88.7,88.85,7,65,20,0.20000000000000284,6.4,109,153,122,147,305,323,295,"-12.8","12.8"
83,660271,"Ohtani, Shohei",319,26,0.338,0.324,0.375,0.662,0.441,0.485,0.362,25,74,94.5,16.6,2154,88.8,88.9,12,72,11,0.10000000000000853,6.38,114,146,127,152,302,326,305,"-3","3"
79,518692,"Freeman, Freddie",324,24.4,0.299,0.104,0.365,0.403,0.361,0.365,0.272,20,67,87.5,14.9,2208,88.6,88.78,11,64,15,0.20000000000000284,6.41,118,145,124,151,294,320,301,"-1.7","1.7"
78,592518,"Machado, Manny",282,27.7,0.254,0.211,0.286,0.465,0.346,0.314,0.23,18,71,90.9,8,2129,90.5,90.59,15,68,10,0.09999999999999432,6.49,109,150,124,146,299,324,296,"0.1","-0.1"
78,630105,"Cronenworth, Jake",314,24.8,0.265,0.221,0.283,0.485,0.359,0.421,0.334,18,68,91,14.7,2116,90.2,90.4,10,67,11,0.20000000000000284,6.51,117,145,118,150,278,314,305,"-4.3","4.3"
78,663656,"Tucker, Kyle",280,27.9,0.269,0.239,0.28,0.507,0.382,0.46,0.363,18,67,92.4,20.6,2298,89.1,89.16,9,64,14,0.10000000000000853,6.48,117,144,126,151,289,331,299,"-7.9","7.9"
78,514888,"Altuve, Jose",301,25.9,0.382,0.338,0.396,0.721,0.505,0.409,0.304,26,68,89.1,21.9,2316,90.5,90.69,7,65,13,0.20000000000000284,6.52,112,153,112,148,289,327,291,"-5.9","5.9"
77,665742,"Soto, Juan",327,23.5,0.344,0.197,0.367,0.541,0.443,0.433,0.309,21,61,94,6.5,2228,89.8,90.09,7,59,18,0.29999999999999716,6.52,115,147,128,151,290,322,299,"-9.4","9.4"
77,668804,"Reynolds, Bryan",320,24.1,0.254,0.164,0.3,0.418,0.345,0.376,0.267,17,67,87.2,9.2,2168,89.8,90.07,13,65,12,0.29999999999999716,6.56,112,147,119,148,294,317,294,"-2.7","2.7"
77,665487,"Tatis Jr., Fernando",276,27.9,0.29,0.246,0.283,0.536,0.393,0.398,0.313,20,69,90.4,9.1,2140,88.5,88.72,9,67,10,0.20000000000000284,6.52,109,151,124,147,302,325,296,"-7","7"
75,543760,"Semien, Marcus",232,32.3,0.288,0.167,0.298,0.455,0.369,0.401,0.345,19,66,87.1,15.4,2304,89.2,89.23,6,65,10,0,6.41,107,152,121,146,303,321,291,"-8.1","8.1"
75,650402,"Torres, Gleyber",322,23.3,0.203,0.031,0.26,0.234,0.255,0.293,0.207,13,64,88.6,16.4,2288,88.1,88.27,10,61,14,0.20000000000000284,6.48,109,151,120,146,298,317,283,"4.9","-4.9"
75,606192,"Hernández, Teoscar",284,26.4,0.275,0.261,0.368,0.536,0.378,0.314,0.238,19,69,92.6,10.4,2185,87.2,87.36,19,62,13,0.20000000000000284,6.43,109,151,122,148,304,322,293,"-5.5","5.5"
75,663647,"Hayes, Ke'Bryan",284,26.4,0.29,0.081,0.353,0.371,0.355,0.337,0.27,18,62,87.6,1.5,2173,89.2,89.49,6,57,18,0.29999999999999716,6.53,105,148,120,145,306,317,285,"-2.9","2.9"
74,673490,"Kim, Ha-Seong",305,24.3,0.215,0.2,0.24,0.415,0.313,0.299,0.227,14,65,86.9,18.5,2092,90.1,90.62,7,59,15,0.5,6.52,111,151,119,147,298,316,287,"-0.8","0.8"
74,592450,"Judge, Aaron",308,24,0.207,0.241,0.22,0.448,0.362,0.392,0.251,12,58,94.6,20.4,2347,88.7,88.92,11,55,19,0.20000000000000284,6.5,105,151,123,145,301,328,294,"-0.4","0.4"
74,670541,"Alvarez, Yordan",269,27.5,0.317,0.238,0.314,0.556,0.428,0.525,0.369,20,63,94.4,18.1,2271,89.6,89.71,6,61,13,0.10000000000000853,6.49,121,147,135,153,293,336,300,"-6.8","6.8"
74,680776,"Duran, Jarren",289,25.6,0.303,0.091,0.388,0.394,0.342,0.354,0.311,20,66,90.9,7,2161,88.7,88.65,16,66,8,0,6.28,117,146,116,151,284,320,305,"-1.6","1.6"
73,593428,"Bogaerts, Xander",294,24.8,0.215,0.077,0.232,0.292,0.277,0.335,0.284,14,65,84.7,13.8,2139,89,89.19,6,63,10,0.20000000000000284,6.56,111,151,124,149,300,320,290,"-0.3","0.3"
72,672580,"Garcia, Maikel",300,24,0.182,0.197,0.191,0.379,0.258,0.332,0.251,12,66,91.9,8.6,2327,89.4,90.13,10,60,12,0.6999999999999886,6.67,111,151,116,147,309,322,294,"1","-1"
72,543807,"Springer, George",248,29,0.222,0.127,0.231,0.349,0.306,0.338,0.278,14,63,87.2,11.9,2315,89.3,89.26,8,62,10,0,6.45,106,151,122,146,299,329,290,"3.5","-3.5"
72,665489,"Guerrero Jr., Vladimir",269,26.8,0.194,0.177,0.196,0.371,0.308,0.394,0.287,12,62,94.3,7.6,2245,90.2,90.25,11,60,12,0,6.47,106,151,122,146,303,330,292,"4.8","-4.8"
72,650333,"Arraez, Luis",275,26.2,0.254,0.063,0.291,0.317,0.31,0.324,0.273,16,63,84.3,11.9,2286,88.9,88.99,7,62,10,0.09999999999999432,6.43,120,148,112,151,284,315,297,"2.1","-2.1"
72,677951,"Witt Jr., Bobby",295,24.4,0.333,0.364,0.391,0.697,0.46,0.504,0.355,22,66,97.6,17.6,2312,88.8,89.5,14,64,8,0.7000000000000028,6.63,112,151,120,147,310,326,298,"-6.7","6.7"
72,571970,"Muncy, Max",326,22.1,0.246,0.246,0.344,0.492,0.357,0.335,0.23,15,61,87.9,30.8,2286,87.7,87.76,24,60,12,0.09999999999999432,6.34,115,143,121,150,296,323,299,"-0.6","0.6"
72,572233,"Walker, Christian",314,22.9,0.3,0.167,0.405,0.467,0.398,0.399,0.284,18,60,92.9,10.8,2193,88.9,89.34,17,57,15,0.3999999999999915,6.5,112,151,125,147,304,329,299,"-4.6","4.6"
71,596019,"Lindor, Francisco",257,27.6,0.131,0.066,0.13,0.197,0.214,0.335,0.268,8,61,89,16.1,2287,87.3,87.49,7,62,9,0.20000000000000284,6.54,114,147,122,150,291,322,300,"8.6","-8.6"
71,606466,"Marte, Ketel",255,27.8,0.286,0.222,0.294,0.508,0.364,0.391,0.31,18,63,93.9,3.3,2215,90.1,90.47,10,64,7,0.4000000000000057,6.43,114,149,118,149,297,329,301,"-7.1","7.1"
71,656941,"Schwarber, Kyle",268,26.5,0.242,0.145,0.308,0.387,0.329,0.35,0.255,15,62,94.7,13.7,2242,89.9,90.25,17,59,12,0.3999999999999915,6.49,121,146,125,152,296,324,301,"0.2","-0.2"
70,656305,"Chapman, Matt",266,26.3,0.2,0.169,0.217,0.369,0.279,0.331,0.249,13,65,94,19.7,2301,89.4,89.64,11,60,10,0.19999999999998863,6.46,109,152,122,146,305,327,298,"1.3","-1.3"
70,607208,"Turner, Trea",279,25.1,0.302,0.095,0.4,0.397,0.348,0.331,0.263,19,63,90.1,5.8,2296,89.3,89.81,12,58,12,0.5,6.56,105,150,116,146,303,319,291,"-4.3","4.3"
70,665161,"Peña, Jeremy",230,30.4,0.348,0.121,0.375,0.47,0.381,0.361,0.34,23,66,87.7,9,2251,88.6,88.75,5,63,7,0.20000000000000284,6.49,110,150,112,146,295,326,289,"-2.5","2.5"
70,666134,"Jones, Nolan",332,21.1,0.19,0.143,0.324,0.333,0.273,0.272,0.197,12,63,92.5,9.5,2249,89,89.52,15,50,20,0.5,6.49,115,147,120,151,293,325,303,"-0.9","0.9"
70,608070,"Ramírez, José",268,26.1,0.246,0.188,0.246,0.435,0.3,0.258,0.229,17,69,87.2,17.2,2248,88.4,88.51,8,68,2,0.09999999999999432,6.35,110,145,123,149,292,320,296,"-2.9","2.9"
70,680757,"Kwan, Steven",247,28.3,0.368,0.118,0.411,0.485,0.386,0.354,0.341,25,68,83,14.8,2236,89.7,88.36,9,67,3,-1.2999999999999972,6.32,115,147,107,152,277,312,297,"-2.2","2.2"
70,519203,"Rizzo, Anthony",265,26.4,0.274,0.081,0.34,0.355,0.328,0.286,0.228,17,62,86.6,13.9,2271,88.5,88.52,12,60,10,0,6.44,118,145,126,150,290,319,292,"-1.2","1.2"
70,641857,"McMahon, Ryan",304,23,0.373,0.186,0.476,0.559,0.444,0.364,0.277,22,59,94.2,9.6,2184,87.6,88.12,12,56,14,0.5,6.48,115,146,121,151,292,322,301,"-8","8"
69,673237,"Diaz, Yainer",262,26.3,0.302,0.175,0.308,0.476,0.361,0.327,0.269,19,63,92.1,3.6,2315,87.5,87.68,6,61,8,0.20000000000000284,6.51,111,151,119,147,296,329,289,"-2.8","2.8"
69,682998,"Carroll, Corbin",262,26.3,0.233,0.083,0.241,0.317,0.303,0.324,0.252,14,60,82,4.2,2173,90.6,91.01,4,59,10,0.4000000000000057,6.48,114,146,113,152,299,329,302,"1.5","-1.5"
69,808982,"Lee, Jung Hoo",247,27.9,0.242,0.081,0.246,0.323,0.275,0.321,0.292,15,62,92,5.8,2314,90.1,90.3,3,61,8,0.20000000000000284,6.49,117,145,116,151,287,317,302,"3","-3"
69,605137,"Bell, Josh",266,25.9,0.203,0.136,0.233,0.339,0.298,0.297,0.21,12,59,92,12.4,2205,90.2,90.27,12,58,11,0.09999999999999432,6.45,110,149,123,149,302,323,296,"-0.8","0.8"
69,571448,"Arenado, Nolan",243,28.4,0.273,0.106,0.304,0.379,0.295,0.265,0.246,18,66,85.2,11.3,2289,88.5,89.16,8,65,4,0.7000000000000028,6.64,106,151,122,146,301,321,292,"-2","2"
69,680869,"Gelof, Zack",261,26.4,0.194,0.161,0.263,0.355,0.278,0.31,0.235,12,62,88,4,2160,87.6,87.91,21,62,7,0.30000000000001137,6.59,107,151,117,144,300,322,292,"1.1","-1.1"
69,641487,"Crawford, J.P.",266,25.9,0.164,0.098,0.17,0.262,0.247,0.284,0.205,10,61,84.2,9.4,2203,89.8,90.27,7,56,13,0.5,6.54,117,148,114,151,288,316,294,"2.8","-2.8"
69,664023,"Happ, Ian",320,21.6,0.241,0.086,0.333,0.328,0.322,0.301,0.213,14,58,90.2,18.1,2226,90.2,90.39,14,56,13,0.20000000000000284,6.46,120,147,124,152,292,322,301,"-3.5","3.5"
69,650490,"Díaz, Yandy",294,23.5,0.206,0.095,0.235,0.302,0.254,0.268,0.228,13,63,89.3,4.9,2256,89.3,89.59,9,61,8,0.29999999999999716,6.56,110,151,124,148,310,330,295,"0.1","-0.1"
69,666971,"Gurriel Jr., Lourdes",269,25.7,0.297,0.234,0.3,0.531,0.383,0.382,0.308,19,64,91.5,16.4,2281,89.6,90.07,9,63,6,0.5,6.5,108,148,124,146,305,328,297,"-7.3","7.3"
69,666969,"García, Adolis",249,27.7,0.328,0.246,0.39,0.574,0.417,0.391,0.277,20,61,94,20.6,2390,89,88.9,16,61,8,-0.09999999999999432,6.37,105,150,120,145,307,326,296,"-8.3","8.3"
68,516782,"Marte, Starling",259,26.3,0.279,0.115,0.326,0.393,0.332,0.34,0.293,17,61,88.4,4.8,2291,89,89.32,9,58,10,0.29999999999999716,6.61,109,151,115,147,301,320,286,"-0.5","0.5"
68,687952,"Encarnacion-Strand, Christian",237,28.7,0.185,0.123,0.222,0.308,0.215,0.31,0.244,12,65,91.5,17.7,2225,89.5,89.75,17,64,4,0.29999999999999716,6.48,109,150,123,147,294,323,291,"4.2","-4.2"
68,657041,"Thomas, Lane",290,23.4,0.213,0.098,0.239,0.311,0.269,0.294,0.239,13,61,89.5,25,2240,88.3,88.63,7,55,13,0.29999999999999716,6.55,105,149,120,146,295,312,286,"1.3","-1.3"
68,665926,"Giménez, Andrés",243,28,0.31,0.121,0.353,0.431,0.362,0.294,0.237,18,58,85.1,6.7,2235,88.2,88.37,9,60,8,0.20000000000000284,6.37,110,142,111,149,283,316,295,"-6.5","6.5"
68,650559,"De La Cruz, Bryan",258,26.4,0.284,0.119,0.354,0.403,0.307,0.357,0.304,19,67,86.7,14.4,2226,89,89.07,17,67,1,0.09999999999999432,6.47,110,151,121,148,307,321,290,"-0.8","0.8"
68,673548,"Suzuki, Seiya",279,24.4,0.305,0.22,0.395,0.525,0.385,0.35,0.276,18,59,94.6,14,2261,89.7,89.97,17,58,10,0.29999999999999716,6.5,112,151,125,147,301,325,296,"-6.2","6.2"
68,679529,"Torkelson, Spencer",261,26.1,0.222,0.079,0.28,0.302,0.265,0.221,0.183,14,63,84.9,24,2289,88.9,88.09,12,62,6,-0.8000000000000114,6.61,107,151,121,147,299,325,293,"2.8","-2.8"
68,624585,"Soler, Jorge",261,26.1,0.228,0.228,0.244,0.456,0.35,0.348,0.233,13,57,90.4,22.9,2300,89.2,89.44,10,54,14,0.20000000000000284,6.54,103,152,123,146,304,327,301,"0.5","-0.5"
67,683002,"Henderson, Gunnar",241,27.8,0.233,0.233,0.262,0.467,0.331,0.361,0.275,14,60,95.7,15.2,2211,89.3,89.55,9,54,13,0.29999999999999716,6.56,119,147,123,151,297,325,302,"-0.7","0.7"
67,663697,"India, Jonathan",304,22,0.196,0.078,0.238,0.275,0.316,0.41,0.327,10,51,85.6,7.7,2232,90.3,90.61,4,46,21,0.29999999999999716,6.55,108,150,121,146,294,320,289,"-1.1","1.1"
67,678662,"Tovar, Ezequiel",251,26.7,0.317,0.217,0.41,0.533,0.394,0.314,0.234,19,60,91.2,25.4,2215,87.5,88.01,17,59,8,0.5,6.53,106,150,112,146,305,320,287,"-4.3","4.3"
67,607043,"Nimmo, Brandon",300,22.3,0.241,0.204,0.275,0.444,0.375,0.444,0.317,13,54,94.1,14.4,2265,88.6,87.6,9,51,16,-1,6.58,119,147,122,151,285,321,303,"-7.2","7.2"
67,680977,"Donovan, Brendan",278,24.1,0.273,0.218,0.289,0.491,0.387,0.368,0.265,15,55,90.5,15.8,2265,89.3,89.83,2,49,18,0.5,6.64,120,146,113,150,288,318,301,"-2.8","2.8"
67,669257,"Smith, Will",261,25.7,0.371,0.113,0.423,0.484,0.391,0.335,0.299,23,62,88,15,2155,89.2,89.22,9,62,5,0,6.34,107,150,122,147,304,319,290,"-7.2","7.2"
67,694671,"Langford, Wyatt",275,24.4,0.267,0.05,0.32,0.317,0.295,0.293,0.23,16,60,85.9,15.4,2333,88.3,88.36,6,56,11,0.10000000000000853,6.46,106,150,120,144,303,322,292,"0.9","-0.9"
66,657077,"Verdugo, Alex",270,24.4,0.218,0.164,0.208,0.382,0.323,0.31,0.23,12,55,84.1,7.8,2247,88.8,88.92,4,54,12,0.10000000000000853,6.42,115,146,120,149,282,317,297,"3.9","-3.9"
66,661388,"Contreras, William",241,27.4,0.375,0.286,0.436,0.661,0.477,0.415,0.304,21,56,96.9,7.6,2237,89.5,88.45,10,53,13,-1,6.56,111,150,123,147,301,319,284,"-10.7","10.7"
66,669357,"Gorman, Nolan",279,23.7,0.217,0.2,0.286,0.417,0.312,0.325,0.227,13,60,85.3,18,2246,88.8,89.31,20,58,8,0.5,6.6,114,146,123,151,292,321,303,"0.5","-0.5"
66,624413,"Alonso, Pete",273,24.2,0.276,0.328,0.27,0.603,0.416,0.363,0.264,16,58,90.7,19.3,2239,89.2,89.51,13,56,10,0.29999999999999716,6.62,105,150,122,146,303,323,289,"-4.8","4.8"
66,683011,"Volpe, Anthony",300,22,0.382,0.182,0.432,0.564,0.459,0.388,0.31,21,55,91.1,8.2,2256,89.5,89.72,1,48,18,0.20000000000000284,6.49,106,151,118,147,296,316,284,"-5.6","5.6"
66,665833,"Cruz, Oneil",282,23.4,0.25,0.156,0.361,0.406,0.298,0.293,0.246,16,64,93.5,5.2,2161,88.4,88.65,16,55,11,0.29999999999999716,6.5,118,145,126,149,293,319,303,"3.9","-3.9"
66,595777,"Profar, Jurickson",275,24,0.321,0.214,0.381,0.536,0.423,0.348,0.267,18,56,91.3,10,2149,89.2,89.32,7,51,15,0.09999999999999432,6.45,118,148,119,151,289,317,294,"-6.6","6.6"
65,623993,"Santander, Anthony",250,26,0.18,0.18,0.178,0.361,0.251,0.244,0.197,11,61,86.3,29.1,2261,88.4,88.75,13,61,4,0.3999999999999915,6.5,113,146,126,148,298,325,297,"0.6","-0.6"
65,642731,"Estrada, Thairo",221,29.4,0.226,0.177,0.256,0.403,0.281,0.283,0.23,14,62,87,9.1,2289,88.2,88.6,11,57,8,0.3999999999999915,6.58,107,152,115,147,296,320,289,"0.9","-0.9"
65,593871,"Polanco, Jorge",279,23.3,0.196,0.107,0.281,0.304,0.287,0.309,0.216,11,56,85.5,11.1,2162,87.7,88.07,16,50,15,0.3999999999999915,6.54,111,148,119,150,292,320,291,"0.8","-0.8"
65,660670,"Acuña Jr., Ronald",261,24.9,0.273,0.055,0.375,0.327,0.334,0.322,0.257,15,55,89.5,7.5,2203,89,88.2,10,50,15,-0.7999999999999972,6.57,110,151,122,147,306,325,294,"-3.2","3.2"
65,671213,"Casas, Triston",267,24.3,0.259,0.241,0.314,0.5,0.367,0.34,0.231,15,58,89.8,10.3,2241,87.3,87.39,15,54,11,0.10000000000000853,6.35,113,146,132,151,286,323,306,"-0.3","0.3"
65,502671,"Goldschmidt, Paul",283,23,0.193,0.053,0.27,0.246,0.251,0.291,0.236,11,57,87.6,11.7,2259,89.5,90.03,15,54,11,0.5,6.57,106,148,122,145,305,324,296,"4.1","-4.1"
65,621566,"Olson, Matt",293,22.2,0.293,0.31,0.359,0.603,0.417,0.388,0.281,17,58,94.3,17,2269,91,91.22,11,53,12,0.20000000000000284,6.58,119,147,126,151,298,325,304,"-3","3"
65,663586,"Riley, Austin",243,26.7,0.267,0.217,0.341,0.483,0.352,0.319,0.241,16,60,91.2,15.9,2353,89,89.34,13,56,9,0.29999999999999716,6.6,109,149,122,145,305,324,294,"-2.6","2.6"
65,645277,"Albies, Ozzie",237,27.4,0.317,0.183,0.333,0.5,0.383,0.341,0.279,19,60,87.1,10.4,2105,87.7,88.03,7,60,5,0.29999999999999716,6.59,114,145,119,147,295,323,295,"-6","6"
65,668715,"Steer, Spencer",275,23.6,0.346,0.327,0.385,0.673,0.492,0.431,0.306,18,52,89.6,12.6,2217,89.7,89.92,9,51,14,0.20000000000000284,6.47,105,148,121,145,293,323,289,"-10.7","10.7"
64,682985,"Greene, Riley",269,23.8,0.236,0.218,0.27,0.455,0.355,0.35,0.231,13,55,88.5,6.7,2244,88.9,87.85,13,53,11,-1,6.56,115,147,125,153,293,324,297,"-3.9","3.9"
64,669394,"Burger, Jake",213,30,0.228,0.193,0.233,0.421,0.305,0.336,0.239,13,57,89.6,10.6,2210,88.9,89.07,10,56,8,0.19999999999998863,6.48,107,151,120,147,307,323,294,"-3.4","3.4"
64,621493,"Ward, Taylor",238,26.9,0.306,0.274,0.318,0.581,0.392,0.426,0.337,19,62,90.8,16,2300,89.4,89.69,12,61,3,0.29999999999999716,6.56,106,150,120,143,304,324,294,"-8.7","8.7"
64,553993,"Suárez, Eugenio",257,24.9,0.259,0.155,0.333,0.414,0.321,0.313,0.257,15,58,88.9,19.3,2286,90,90.51,12,53,11,0.5,6.52,109,153,125,147,303,329,298,"-2.4","2.4"
64,664761,"Bohm, Alec",267,24,0.236,0.127,0.293,0.364,0.324,0.328,0.269,13,55,84.3,3.2,2255,89.8,90.57,5,47,17,0.7999999999999972,6.66,106,149,119,146,303,320,288,"-2.9","2.9"
64,521692,"Perez, Salvador",210,30.5,0.339,0.226,0.362,0.565,0.403,0.366,0.274,21,62,89.4,19.1,2426,86.2,86.78,11,62,2,0.5999999999999943,6.64,108,151,122,146,309,327,300,"-10.4","10.4"
64,663624,"Mountcastle, Ryan",238,26.9,0.291,0.2,0.304,0.491,0.368,0.39,0.287,16,55,90.8,9.7,2262,88.6,88.82,8,56,8,0.20000000000000284,6.47,107,151,120,146,308,325,294,"-4.7","4.7"
64,545361,"Trout, Mike",290,22.1,0.281,0.404,0.263,0.684,0.44,0.412,0.284,16,57,88.8,26.3,2306,89.9,90.22,11,55,9,0.29999999999999716,6.59,106,151,122,143,305,327,300,"-3.4","3.4"
64,641355,"Bellinger, Cody",216,29.6,0.172,0.121,0.178,0.293,0.239,0.262,0.18,10,58,88,20.7,2173,90.8,91.01,9,56,8,0.20000000000000284,6.46,119,145,127,152,293,322,303,"-0.7","0.7"
64,592206,"Castellanos, Nick",233,27.5,0.19,0,0.262,0.19,0.221,0.223,0.167,11,58,88.7,20.9,2291,88.3,88.78,12,54,10,0.5,6.57,106,150,119,145,301,319,289,"0.4","-0.4"
63,668939,"Rutschman, Adley",251,25.1,0.281,0.088,0.319,0.368,0.315,0.385,0.322,16,57,91.5,18.4,2138,88.4,88.69,10,58,5,0.29999999999999716,6.55,112,146,123,147,298,323,296,"0.6","-0.6"
63,608369,"Seager, Corey",217,29,0.304,0.089,0.364,0.393,0.352,0.339,0.282,17,56,88.8,15.5,2325,86.3,86.26,9,54,9,0,6.34,116,146,129,151,303,327,300,"-3","3"
63,547180,"Harper, Bryce",233,27,0.19,0.207,0.205,0.397,0.287,0.331,0.245,11,58,91.1,9.5,2240,88.1,88.6,15,57,6,0.5,6.55,117,144,126,149,295,323,301,"4.5","-4.5"
63,642715,"Adames, Willy",253,24.9,0.31,0.224,0.349,0.534,0.393,0.365,0.269,18,58,89.3,21.1,2337,89.6,89.89,10,56,7,0.30000000000001137,6.54,109,151,122,146,300,321,287,"-5.1","5.1"
63,670623,"Paredes, Isaac",274,23,0.255,0.291,0.243,0.545,0.379,0.26,0.177,14,55,87.3,25.3,2143,89.1,89.24,11,53,10,0.10000000000000853,6.48,108,151,122,145,300,330,297,"-3.2","3.2"
63,542303,"Ozuna, Marcell",251,25.1,0.373,0.407,0.366,0.78,0.507,0.479,0.354,22,59,92.6,12.4,2320,89.7,90.11,7,55,8,0.3999999999999915,6.62,111,152,123,148,305,325,295,"-13.1","13.1"
63,677594,"Rodríguez, Julio",243,25.9,0.186,0.017,0.289,0.203,0.209,0.291,0.251,11,59,91.2,7.9,2243,89.5,89.88,14,52,11,0.4000000000000057,6.56,106,152,119,146,301,321,292,"2.6","-2.6"
63,668709,"Bleday, JJ",236,26.7,0.262,0.131,0.326,0.393,0.299,0.249,0.218,16,61,85.4,15.5,2115,89.2,89.6,9,56,7,0.3999999999999915,6.59,112,145,122,150,292,323,299,"1.4","-1.4"
62,666624,"Morel, Christopher",228,27.2,0.237,0.203,0.244,0.441,0.312,0.361,0.292,14,59,92.1,16.6,2318,88.5,88.66,9,57,5,0.20000000000000284,6.47,113,153,125,147,298,326,297,"-0.5","0.5"
62,624424,"Conforto, Michael",250,24.8,0.298,0.298,0.325,0.596,0.409,0.385,0.281,17,57,89.7,15.5,2248,89,89.36,8,52,10,0.4000000000000057,6.57,113,146,129,151,292,322,305,"-7.1","7.1"
62,682829,"De La Cruz, Elly",234,26.5,0.286,0.321,0.387,0.607,0.412,0.36,0.258,16,56,90.3,2.6,2182,89.5,89.7,15,50,12,0.20000000000000284,6.44,113,147,117,149,291,322,296,"-4.8","4.8"
62,669707,"Triolo, Jared",233,26.6,0.268,0.071,0.341,0.339,0.311,0.295,0.232,15,56,85.9,3.6,2239,89.2,89.56,8,50,12,0.3999999999999915,6.57,103,149,118,145,301,316,283,"-1.9","1.9"
62,686668,"Doyle, Brenton",236,26.3,0.288,0.237,0.4,0.525,0.368,0.283,0.236,17,59,87.4,2.6,2304,88.3,88.86,15,53,9,0.6000000000000085,6.51,106,152,113,147,305,321,288,"-3.3","3.3"
61,701538,"Merrill, Jackson",241,25.3,0.333,0.093,0.405,0.426,0.378,0.386,0.314,18,54,89.7,9.1,2115,88.8,88.66,9,52,9,-0.09999999999999432,6.44,118,145,115,151,279,314,304,"-3.4","3.4"
61,671739,"Harris II, Michael",207,29.5,0.316,0.193,0.39,0.509,0.381,0.35,0.311,18,57,91.8,4.2,2222,88.1,88.41,13,56,5,0.30000000000001137,6.56,118,146,114,151,291,324,301,"-4.5","4.5"
61,600869,"Candelario, Jeimer",244,25,0.182,0.145,0.257,0.327,0.256,0.222,0.174,10,55,87.5,12.4,2186,88.4,88.66,16,52,9,0.29999999999999716,6.4,115,148,126,150,289,320,292,"1.5","-1.5"
61,642350,"Siri, Jose",264,23.1,0.24,0.14,0.423,0.38,0.344,0.36,0.25,12,50,92.6,15,2279,89.9,90.23,20,47,14,0.29999999999999716,6.61,109,152,116,147,301,328,291,"-2.1","2.1"
61,668227,"Arozarena, Randy",247,24.7,0.196,0.125,0.231,0.321,0.265,0.311,0.235,11,56,92,11.1,2244,90,90.14,11,52,9,0.09999999999999432,6.5,107,151,123,147,307,330,294,"1.5","-1.5"
61,621020,"Swanson, Dansby",251,24.3,0.245,0.189,0.297,0.434,0.336,0.379,0.265,13,53,90.7,8.7,2243,89,89.14,10,49,12,0.09999999999999432,6.46,111,151,123,147,299,325,296,"0.7","-0.7"
61,665862,"Chisholm Jr., Jazz",259,23.6,0.208,0.17,0.273,0.377,0.312,0.321,0.216,11,53,85.8,10.5,2274,89.2,89.47,13,48,13,0.29999999999999716,6.54,115,146,118,152,296,321,301,"-1.1","1.1"
61,666182,"Bichette, Bo",240,25.4,0.214,0.125,0.244,0.339,0.279,0.281,0.228,12,56,86.5,8.4,2278,89.6,89.58,8,54,7,0,6.44,108,149,122,147,302,326,284,"0","0"
61,807799,"Yoshida, Masataka",257,23.7,0.255,0.091,0.283,0.345,0.308,0.321,0.262,14,55,88.6,7.9,2263,90.2,90.29,6,53,8,0.09999999999999432,6.43,112,145,127,150,283,321,305,"0.2","-0.2"
61,592192,"Canha, Mark",260,23.5,0.2,0.24,0.2,0.44,0.353,0.341,0.22,10,50,90.6,10.4,2260,89.8,88.35,8,46,15,-1.3999999999999915,6.52,110,151,121,147,300,323,288,"-2.6","2.6"
60,694497,"Carter, Evan",250,24,0.245,0.224,0.256,0.469,0.38,0.379,0.286,12,49,86.4,13.3,2220,88.3,88.12,5,46,14,-0.20000000000000284,6.31,110,146,117,151,294,320,296,"-0.4","0.4"
60,686469,"Pasquantino, Vinnie",245,24.5,0.231,0.154,0.222,0.385,0.314,0.319,0.256,12,52,89.7,9.9,2241,89.6,90.23,4,51,9,0.6000000000000085,6.6,119,144,124,149,301,325,306,"-0.4","0.4"
60,681546,"Outman, James",238,25.2,0.173,0.135,0.219,0.308,0.275,0.329,0.232,9,52,88.1,13.7,2252,89.1,89.16,14,48,12,0.10000000000000853,6.4,119,147,118,153,296,319,298,"3.2","-3.2"
60,571745,"Haniger, Mitch",249,24.1,0.264,0.151,0.324,0.415,0.344,0.332,0.252,14,53,84.9,11.1,2241,88.6,88.96,9,48,12,0.4000000000000057,6.53,105,153,120,146,298,320,290,"-4","4"
59,647304,"Naylor, Josh",184,32.1,0.347,0.327,0.325,0.673,0.461,0.425,0.332,17,49,90.4,14.6,2184,88.9,89.18,7,51,8,0.29999999999999716,6.38,114,144,123,151,290,319,299,"-3.9","3.9"
59,663898,"Rodgers, Brendan",221,26.7,0.211,0.105,0.279,0.316,0.245,0.254,0.217,12,57,87.5,8.1,2247,87.8,88.23,11,54,5,0.4000000000000057,6.42,109,150,119,146,304,320,287,"3.1","-3.1"
59,608336,"Gallo, Joey",275,21.5,0.14,0.24,0.182,0.38,0.294,0.294,0.156,7,50,91.2,42,2274,90.7,90.92,16,41,18,0.20000000000000284,6.51,119,144,121,150,293,318,297,"4","-4"
59,666181,"Benson, Will",250,23.6,0.22,0.28,0.321,0.5,0.366,0.327,0.227,11,50,90.5,12.4,2163,89.9,90.09,17,47,12,0.19999999999998863,6.46,119,145,125,150,290,323,296,"1.7","-1.7"
59,683734,"Vaughn, Andrew",243,24.3,0.189,0.038,0.256,0.226,0.238,0.281,0.225,10,53,89.9,15.1,2301,86.8,85.65,9,48,11,-1.2000000000000028,6.53,108,149,122,144,304,322,285,"3.2","-3.2"
59,643217,"Benintendi, Andrew",220,26.8,0.145,0.018,0.186,0.164,0.176,0.265,0.216,8,55,86.2,11.7,2251,88.6,87.71,11,54,5,-0.8999999999999915,6.58,118,145,117,150,284,315,298,"5.1","-5.1"
59,608324,"Bregman, Alex",211,28,0.241,0.093,0.289,0.333,0.29,0.285,0.232,13,54,88.3,21.3,2288,89.4,88.04,6,51,8,-1.4000000000000057,6.52,109,152,117,147,295,326,288,"0.9","-0.9"
58,543685,"Rendon, Anthony",245,23.7,0.231,0.038,0.279,0.269,0.261,0.276,0.207,12,52,88.4,22.4,2295,89.7,89.89,5,48,10,0.20000000000000284,6.51,109,152,121,145,303,322,292,"1.8","-1.8"
58,686217,"Frelick, Sal",217,26.7,0.308,0.038,0.4,0.346,0.335,0.309,0.27,16,52,85.2,4.2,2232,91,91.33,7,47,11,0.29999999999999716,6.52,117,145,112,150,286,316,292,"-3.5","3.5"
58,606115,"Arcia, Orlando",230,25.2,0.34,0.132,0.4,0.472,0.386,0.278,0.223,18,53,87.5,11.8,2308,88.9,89.28,8,53,5,0.3999999999999915,6.56,107,150,123,148,303,322,292,"-4.7","4.7"
58,669134,"Campusano, Luis",189,30.7,0.263,0.105,0.269,0.368,0.285,0.285,0.276,15,57,85,7.2,2208,88.4,88.36,4,57,1,0,6.43,112,151,124,148,296,318,293,"-0.1","0.1"
58,623912,"Ramírez, Harold",194,29.9,0.276,0.017,0.314,0.293,0.255,0.261,0.26,16,58,84.5,-1.6,2185,87.8,87.94,6,57,1,0.10000000000000853,6.44,108,152,122,148,305,328,290,"-1","1"
58,683146,"Baty, Brett",215,27,0.315,0.074,0.381,0.389,0.339,0.292,0.228,17,54,84.6,14,2210,88.3,88.39,9,52,6,0.10000000000000853,6.55,117,146,125,151,287,322,301,"-0.7","0.7"
57,669261,"Suwinski, Jack",226,25.2,0.196,0.137,0.2,0.333,0.268,0.294,0.228,10,51,85.7,20.5,2220,88.3,88.68,7,49,8,0.4000000000000057,6.52,118,145,118,149,288,316,300,"3.7","-3.7"
57,663538,"Hoerner, Nico",216,26.4,0.182,0.023,0.216,0.205,0.284,0.364,0.265,8,44,85.4,12.8,2144,90.1,90.34,6,43,14,0.20000000000000284,6.47,109,151,119,148,296,319,294,"3","-3"
57,690993,"Keith, Colt",216,26.4,0.208,0.019,0.262,0.226,0.23,0.323,0.27,11,53,90.5,6.9,2271,87.1,85.57,9,51,6,-1.5,6.43,114,144,118,150,292,322,297,"2","-2"
57,641680,"Heim, Jonah",205,27.8,0.255,0.145,0.308,0.4,0.301,0.26,0.226,14,55,88.4,19.6,2196,87.3,87.17,11,52,5,-0.09999999999999432,6.34,112,147,124,150,297,323,297,"-2.7","2.7"
57,687363,"Scott II, Victor",198,28.8,0.098,0.059,0.122,0.157,0.149,0.214,0.161,5,51,86.9,12.9,2179,90.1,90.56,7,48,9,0.5,6.56,107,144,97,147,283,314,300,"4.8","-4.8"
56,608385,"Winker, Jesse",251,22.3,0.341,0.159,0.412,0.5,0.442,0.382,0.269,15,44,87.3,11.5,2200,90.1,90.47,4,39,17,0.4000000000000057,6.54,121,146,123,151,283,312,297,"-3","3"
56,681082,"Stott, Bryson",207,27.1,0.224,0.082,0.25,0.306,0.28,0.32,0.252,11,49,85.8,15.5,2232,90.3,90.82,9,50,6,0.5,6.6,116,145,113,150,287,317,299,"0.4","-0.4"
56,592273,"Drury, Brandon",212,26.4,0.196,0.078,0.237,0.275,0.252,0.3,0.236,10,51,86.6,-5.1,2287,89.3,89.52,9,48,8,0.20000000000000284,6.58,107,150,121,143,303,324,293,"2.9","-2.9"
56,656582,"Joe, Connor",204,27.5,0.292,0.167,0.333,0.458,0.381,0.325,0.239,14,48,80.6,6.5,2221,89.1,89.38,7,47,9,0.30000000000001137,6.53,105,149,118,145,299,315,285,"-6.2","6.2"
56,676059,"Westburg, Jordan",209,26.8,0.265,0.245,0.286,0.51,0.375,0.397,0.296,13,49,91,16.2,2290,89.7,89.9,10,49,7,0.20000000000000284,6.51,109,150,118,146,309,326,293,"-5.5","5.5"
56,683737,"Busch, Michael",252,22.2,0.327,0.367,0.355,0.694,0.457,0.473,0.319,16,49,93.2,21.7,2280,89.7,89.84,11,47,9,0.09999999999999432,6.46,116,146,131,152,294,326,304,"-6.1","6.1"
56,608841,"Meneses, Joey",216,25.9,0.204,0.02,0.27,0.224,0.244,0.288,0.227,10,49,86.6,4.9,2204,88.4,88.73,9,46,10,0.29999999999999716,6.52,104,149,121,147,297,313,285,"2.9","-2.9"
56,641933,"O'Neill, Tyler",247,22.7,0.304,0.457,0.269,0.761,0.498,0.435,0.27,14,46,92,28.7,2200,89.6,89.54,7,40,16,-0.09999999999999432,6.3,105,152,121,146,296,322,299,"-3.7","3.7"
56,665750,"Taveras, Leody",186,30.1,0.2,0.1,0.233,0.3,0.261,0.285,0.24,10,50,86.2,16.8,2176,87.6,87.56,5,49,7,0,6.41,111,146,110,149,293,320,294,"6.4","-6.4"
56,453568,"Blackmon, Charlie",216,25.9,0.28,0.2,0.31,0.48,0.367,0.346,0.274,14,50,86.2,15.8,2148,88.7,89.2,7,50,6,0.5,6.47,117,146,120,152,289,322,297,"-4.1","4.1"
55,605204,"Davis, J.D.",201,27.4,0.196,0.176,0.242,0.373,0.279,0.274,0.205,10,51,92.2,2.7,2098,89.1,89.49,15,50,5,0.4000000000000057,6.6,107,151,122,146,304,320,292,"2.6","-2.6"
55,656555,"Hoskins, Rhys",248,22.2,0.25,0.25,0.257,0.5,0.358,0.399,0.272,12,48,87.7,18.7,2276,90.3,90.62,10,48,7,0.29999999999999716,6.57,109,152,123,145,302,323,291,"2.9","-2.9"
55,702358,"Lipscomb, Trey",208,26.4,0.224,0.061,0.263,0.286,0.258,0.267,0.237,11,49,85.3,-7.5,2193,87.9,88.21,8,48,7,0.29999999999999716,6.47,104,147,119,147,295,312,284,"2.7","-2.7"
55,519317,"Stanton, Giancarlo",213,25.8,0.25,0.288,0.3,0.538,0.357,0.32,0.232,13,52,92.2,9.1,2181,89,87.48,14,48,7,-1.5,6.51,108,151,123,145,301,324,292,"-3.1","3.1"
55,592178,"Bryant, Kris",214,25.7,0.149,0.106,0.214,0.255,0.255,0.278,0.176,7,47,89.3,25.2,2204,87.3,87.81,17,46,9,0.5,6.5,109,151,120,146,303,323,290,"1.9","-1.9"
55,676369,"Velázquez, Nelson",225,24.4,0.314,0.176,0.483,0.49,0.376,0.324,0.256,16,51,91.9,8.8,2307,87.2,87.73,16,47,8,0.5,6.57,112,150,121,146,305,324,300,"-2.2","2.2"
54,457759,"Turner, Justin",237,22.8,0.386,0.227,0.432,0.614,0.472,0.432,0.338,17,44,92.3,24.4,2338,89.8,89.93,5,43,11,0.10000000000000853,6.54,108,152,122,146,301,327,286,"-6.7","6.7"
54,672386,"Kirk, Alejandro",224,24.1,0.17,0,0.205,0.17,0.212,0.267,0.217,8,47,88.2,7.6,2292,89.9,89.9,7,46,8,0,6.53,107,151,123,148,298,322,282,"4","-4"
54,643446,"McNeil, Jeff",201,26.9,0.222,0.089,0.225,0.311,0.314,0.325,0.244,10,45,84.8,14,2235,88.9,89.26,3,44,10,0.3999999999999915,6.59,118,146,119,151,280,318,300,"0.7","-0.7"
54,665120,"Walsh, Jared",240,22.5,0.25,0.104,0.379,0.354,0.314,0.34,0.258,12,48,85.6,24.3,2309,89,88.94,13,43,11,-0.09999999999999432,6.38,114,146,123,151,297,323,297,"0.4","-0.4"
54,671732,"Butler, Lawrence",223,24.2,0.217,0.13,0.281,0.348,0.314,0.42,0.29,10,46,94.6,14.6,2249,88.3,88.73,11,44,10,0.4000000000000057,6.61,117,147,120,152,290,322,302,"-2.2","2.2"
54,682928,"Abrams, CJ",218,24.8,0.286,0.306,0.333,0.592,0.398,0.419,0.344,14,49,90.1,16.5,2194,88.7,88.93,12,49,5,0.20000000000000284,6.45,119,145,113,150,281,313,298,"-5.8","5.8"
54,694192,"Chourio, Jackson",191,28.3,0.24,0.14,0.303,0.38,0.29,0.227,0.179,12,50,83.3,8.4,2276,88.1,88.36,14,49,5,0.30000000000001137,6.57,104,149,115,146,299,319,283,"0.1","-0.1"
53,641313,"Anderson, Tim",190,27.9,0.275,0.02,0.412,0.294,0.272,0.229,0.223,14,51,86.9,-1.6,2236,89.1,89.31,14,48,5,0.20000000000000284,6.46,109,150,120,149,306,318,286,"2.5","-2.5"
53,592663,"Realmuto, J.T.",216,24.5,0.265,0.122,0.355,0.388,0.318,0.324,0.258,13,49,90.4,13.3,2289,89.5,90.18,14,47,6,0.7000000000000028,6.7,107,151,119,147,304,319,291,"-0.5","0.5"
53,656775,"Mullins, Cedric",206,25.7,0.261,0.239,0.3,0.5,0.358,0.32,0.256,12,46,89,18.5,2218,88.9,89.31,10,44,9,0.3999999999999915,6.55,111,146,110,151,290,323,299,"-6.2","6.2"
53,680779,"Davis, Henry",227,23.3,0.186,0.07,0.276,0.256,0.265,0.259,0.186,8,43,87,22.6,2243,91,91.32,11,40,13,0.29999999999999716,6.56,105,151,120,146,301,316,287,"2.9","-2.9"
53,678882,"Rafaela, Ceddanne",195,27.2,0.17,0.106,0.229,0.277,0.224,0.232,0.185,8,47,81.5,14.7,2161,88.9,89.02,11,46,7,0.09999999999999432,6.38,105,149,111,143,295,320,294,"1.1","-1.1"
53,664913,"Brown, Seth",209,25.4,0.208,0.083,0.3,0.292,0.266,0.281,0.217,10,48,87.1,18.9,2065,90.1,90.41,13,44,9,0.30000000000001137,6.53,116,145,125,150,291,323,303,"3.1","-3.1"
53,687263,"Neto, Zach",197,26.9,0.188,0.063,0.265,0.25,0.241,0.284,0.198,9,48,88,14.7,2286,87.2,87.49,10,44,9,0.29999999999999716,6.62,109,151,114,144,300,322,292,"2.7","-2.7"
53,669004,"Melendez, MJ",229,23.1,0.277,0.298,0.313,0.574,0.402,0.417,0.304,13,47,93.5,14.5,2271,90.2,90.81,9,44,9,0.5999999999999943,6.6,115,146,126,152,300,324,307,"-5","5"
53,467793,"Santana, Carlos",219,24.2,0.125,0.021,0.167,0.146,0.176,0.242,0.193,6,48,92.2,16.4,2148,89.4,89.85,10,46,7,0.3999999999999915,6.59,112,146,130,151,297,325,297,"9.2","-9.2"
53,666158,"Lux, Gavin",208,25.5,0.163,0.02,0.222,0.184,0.196,0.266,0.235,8,49,84.7,12.5,2267,88.6,88.66,7,43,10,0.10000000000000853,6.33,118,146,120,153,291,316,296,"2","-2"
52,676801,"McCormick, Chas",211,24.6,0.244,0.067,0.324,0.311,0.307,0.26,0.19,11,45,84,19.2,2306,88.4,88.64,11,45,7,0.19999999999998863,6.57,108,151,113,146,300,329,290,"-1.9","1.9"
52,666397,"Julien, Edouard",231,22.5,0.196,0.283,0.217,0.478,0.334,0.313,0.197,9,46,89.2,10,2321,90,90.73,9,36,16,0.7000000000000028,6.65,118,146,126,151,289,327,301,"1.7","-1.7"
52,641598,"Garver, Mitch",202,25.7,0.156,0.067,0.233,0.222,0.225,0.24,0.151,7,45,89.5,19.5,2200,89.9,90.26,14,44,8,0.3999999999999915,6.55,105,153,120,146,297,319,292,"4.7","-4.7"
52,664034,"France, Ty",208,25,0.28,0.04,0.389,0.32,0.284,0.376,0.318,14,50,93.9,8.9,2183,88.3,88.66,11,47,5,0.4000000000000057,6.51,106,153,120,147,297,318,283,"0.7","-0.7"
51,681351,"O'Hoppe, Logan",218,23.4,0.364,0.159,0.441,0.523,0.432,0.434,0.342,16,44,92.9,17.7,2318,88.1,88.4,9,44,7,0.30000000000001137,6.54,106,151,121,144,300,322,294,"-7.1","7.1"
51,668930,"Turang, Brice",196,26,0.362,0.149,0.421,0.511,0.394,0.298,0.265,17,47,85,8.8,2265,90.6,90.94,4,43,8,0.30000000000001137,6.55,110,145,108,149,285,316,294,"-3.6","3.6"
51,669016,"Marsh, Brandon",222,23,0.313,0.313,0.44,0.625,0.405,0.336,0.254,15,48,94.9,10.7,2313,89,89.48,14,43,8,0.5,6.56,118,146,117,151,289,320,301,"-2.6","2.6"
51,669127,"Langeliers, Shea",197,25.9,0.2,0.267,0.179,0.467,0.32,0.362,0.241,9,45,89.7,17.6,2218,88.6,88.88,8,40,11,0.30000000000001137,6.58,104,151,121,145,298,326,297,"0.4","-0.4"
50,621439,"Buxton, Byron",192,26,0.196,0.065,0.31,0.261,0.228,0.242,0.211,9,46,91.7,20.4,2316,89.1,89.79,14,43,7,0.7000000000000028,6.65,106,148,119,142,298,327,297,"-0.5","0.5"
50,553869,"Díaz, Elias",192,26,0.311,0.067,0.371,0.378,0.333,0.272,0.225,14,45,87,12.5,2296,87.1,87.58,8,44,6,0.5,6.52,102,151,119,146,303,320,284,"-1.6","1.6"
50,691023,"Walker, Jordan",184,27.2,0.178,0.133,0.25,0.311,0.245,0.276,0.225,8,45,92.8,10.8,2329,90.1,90.51,11,43,7,0.4000000000000057,6.56,107,152,124,149,304,322,295,"3","-3"
50,662139,"Varsho, Daulton",196,25.5,0.196,0.152,0.226,0.348,0.273,0.254,0.186,9,46,86.9,28.2,2191,88.9,89.17,11,44,6,0.29999999999999716,6.62,113,146,113,152,292,326,298,"1.6","-1.6"
50,676116,"Noda, Ryan",238,21,0.163,0.023,0.292,0.186,0.223,0.202,0.134,7,43,82.4,10.4,2214,89.1,89.39,14,39,11,0.30000000000001137,6.6,116,146,129,152,287,321,301,"3","-3"
50,547989,"Abreu, José",191,26.2,0.111,0.022,0.156,0.133,0.155,0.163,0.11,5,45,87,14.2,2322,88.8,88.8,13,45,5,0,6.46,110,151,118,147,297,328,289,"7.5","-7.5"
50,642133,"Tellez, Rowdy",218,22.9,0.256,0.07,0.333,0.326,0.321,0.361,0.275,11,43,89.8,16.4,2141,89.9,90.1,8,39,11,0.19999999999998863,6.51,115,144,128,149,293,320,302,"-2.2","2.2"
49,663728,"Raleigh, Cal",211,23.2,0.196,0.13,0.269,0.326,0.256,0.24,0.182,9,46,92.6,13.3,2156,89,89.38,16,44,5,0.4000000000000057,6.53,115,148,125,152,293,319,293,"3.9","-3.9"
49,665828,"Cabrera, Oswaldo",195,25.1,0.289,0.244,0.323,0.533,0.383,0.278,0.233,13,45,87.8,13.2,2194,88,88.14,9,43,6,0.09999999999999432,6.38,111,143,112,145,285,315,290,"-3.2","3.2"
49,676609,"Caballero, José",173,28.3,0.311,0.133,0.371,0.444,0.341,0.35,0.305,14,45,81.3,12.4,2214,90,90.28,8,45,4,0.29999999999999716,6.54,105,150,114,145,298,323,290,"-1.1","1.1"
49,677587,"Rocchio, Brayan",170,28.8,0.217,0.13,0.263,0.348,0.273,0.291,0.257,10,46,88.2,2.3,2230,89.3,89.56,7,45,4,0.29999999999999716,6.4,116,147,114,151,286,316,292,"0.7","-0.7"
49,592669,"Renfroe, Hunter",210,23.3,0.178,0.111,0.241,0.289,0.244,0.227,0.171,8,45,87.5,14.2,2387,88.5,88.87,8,38,11,0.4000000000000057,6.6,107,150,121,146,307,325,299,"1.8","-1.8"
49,572191,"Taylor, Michael A.",202,24.3,0.318,0.068,0.5,0.386,0.324,0.316,0.256,14,44,87.9,1.6,2230,88.8,89.22,15,43,6,0.4000000000000057,6.57,104,150,115,144,301,317,284,"-1.9","1.9"
48,672515,"Moreno, Gabriel",216,22.2,0.256,0.116,0.282,0.372,0.318,0.285,0.235,11,43,87.8,6.1,2247,87.6,88.11,2,41,7,0.5,6.54,112,151,124,147,307,327,291,"-1.5","1.5"
48,643396,"Kiner-Falefa, Isiah",193,24.9,0.295,0.136,0.364,0.432,0.351,0.349,0.294,13,44,83.9,0.6,2334,88.8,88.6,6,40,8,-0.20000000000000284,6.36,106,149,117,147,298,321,280,"-0.8","0.8"
48,694384,"Schanuel, Nolan",201,23.9,0.108,0.081,0.125,0.189,0.248,0.299,0.182,4,37,86.8,-4.5,2310,87.5,87.58,7,32,16,0.09999999999999432,6.49,114,146,126,149,286,318,300,"-1.4","1.4"
48,624415,"Biggio, Cavan",192,25,0.31,0.119,0.444,0.429,0.374,0.305,0.243,13,42,82.9,22.6,2236,89.5,89.45,6,34,14,-0.09999999999999432,6.44,117,146,118,151,287,324,298,"-2.2","2.2"
48,605113,"Ahmed, Nick",165,29.1,0.261,0.065,0.316,0.326,0.278,0.288,0.256,12,46,85.6,2,2270,90.2,90.51,6,44,4,0.29999999999999716,6.54,107,151,112,146,295,317,292,"-1.8","1.8"
48,664774,"Wade Jr., LaMonte",214,22.4,0.375,0.15,0.538,0.525,0.447,0.415,0.332,15,40,89.7,8.6,2353,88.6,88.9,12,39,9,0.30000000000001137,6.56,118,145,124,152,290,320,302,"-5.7","5.7"
48,666135,"Kirilloff, Alex",175,27.4,0.302,0.279,0.333,0.581,0.396,0.324,0.244,13,43,92.2,15.5,2296,89.9,90.48,5,42,6,0.5999999999999943,6.64,117,147,129,152,292,324,304,"-1.3","1.3"
47,691026,"Winn, Masyn",200,23.5,0.349,0.116,0.429,0.465,0.356,0.286,0.277,15,43,85.2,4.8,2306,89.7,90.32,6,43,4,0.5999999999999943,6.66,104,148,111,145,300,318,288,"-1.8","1.8"
47,650489,"Castro, Willi",209,22.5,0.122,0.098,0.211,0.22,0.22,0.249,0.172,5,41,83.8,-0.5,2266,89.9,90.27,13,33,14,0.3999999999999915,6.57,113,146,118,149,291,322,294,"1.8","-1.8"
47,671289,"Freeman, Tyler",181,26,0.167,0.095,0.182,0.262,0.228,0.303,0.247,7,42,87.4,12,2212,89.5,89.54,8,42,5,0,6.35,105,149,115,146,292,315,286,"0.1","-0.1"
46,669701,"Smith, Josh",174,26.4,0.308,0.077,0.353,0.385,0.368,0.389,0.313,12,39,88.3,13.8,2226,88.1,88.03,2,36,10,-0.09999999999999432,6.34,113,145,111,150,286,319,297,"-4.1","4.1"
46,575929,"Contreras, Willson",164,28,0.263,0.211,0.348,0.474,0.387,0.375,0.243,10,38,92.9,14.4,2169,89.7,90.34,10,35,11,0.5999999999999943,6.73,109,151,123,146,305,325,295,"-2.2","2.2"
46,646240,"Devers, Rafael",167,27.5,0.184,0.211,0.167,0.395,0.328,0.392,0.254,7,38,89.2,16.4,2242,88.6,88.37,6,38,8,-0.19999999999998863,6.2,114,145,130,150,291,323,306,"-0.2","0.2"
46,595879,"Báez, Javier",158,29.1,0.14,0.07,0.167,0.209,0.159,0.202,0.18,6,43,87.2,17.7,2297,87.4,87.93,11,42,4,0.5,6.59,107,151,117,147,300,322,289,"5.5","-5.5"
46,682626,"Alvarez, Francisco",163,28.2,0.25,0.136,0.313,0.386,0.296,0.251,0.215,11,44,88.8,4.2,2262,87.6,87.78,9,42,4,0.20000000000000284,6.58,108,151,121,147,301,323,292,"0.2","-0.2"
45,642708,"Rosario, Amed",162,27.8,0.318,0.159,0.342,0.477,0.355,0.341,0.308,14,44,86.6,6.5,2293,89.3,89.48,5,44,1,0.20000000000000284,6.49,107,150,121,147,305,326,292,"-0.9","0.9"
45,680777,"Jeffers, Ryan",164,27.4,0.225,0.25,0.214,0.475,0.347,0.326,0.231,9,40,81.5,6.7,2285,90.8,91.27,6,37,8,0.5,6.6,107,151,121,146,303,326,290,"-4.1","4.1"
45,660707,"Montero, Elehuris",177,25.4,0.225,0.025,0.265,0.25,0.251,0.3,0.241,9,40,90.4,11.6,2282,86.6,87.22,4,38,7,0.6000000000000085,6.58,108,152,120,146,303,321,290,"4.8","-4.8"
45,664728,"Isbel, Kyle",151,29.8,0.233,0.093,0.257,0.326,0.256,0.276,0.248,10,43,88.1,1.2,2261,88.5,89.04,6,43,2,0.5,6.55,119,147,110,151,293,319,304,"1","-1"
45,592885,"Yelich, Christian",191,23.6,0.333,0.41,0.308,0.744,0.488,0.461,0.346,13,39,90.4,11.7,2093,90.3,90.57,7,39,6,0.29999999999999716,6.57,113,145,125,150,292,321,298,"-6","6"
45,647351,"Toro, Abraham",198,22.7,0.275,0.1,0.333,0.375,0.334,0.313,0.252,11,40,85.2,13.1,2211,89.9,90.32,7,38,7,0.3999999999999915,6.67,115,147,119,149,289,322,292,"-2.1","2.1"
44,665839,"Valdez, Enmanuel",163,27,0.128,0.103,0.148,0.231,0.186,0.249,0.164,5,39,85.1,21.3,2182,89.8,89.96,11,39,5,0.20000000000000284,6.43,113,145,118,151,286,320,303,"2","-2"
44,660162,"Moncada, Yoán",188,23.4,0.282,0.128,0.379,0.41,0.347,0.317,0.27,11,39,90.2,5.9,2293,88.4,86.65,7,36,8,-1.7000000000000028,6.52,118,146,123,150,291,321,297,"1","-1"
44,621043,"Correa, Carlos",183,24,0.306,0.139,0.385,0.444,0.397,0.402,0.302,11,36,90,7.7,2308,89.6,90.22,7,34,10,0.6000000000000085,6.69,108,151,123,147,303,324,294,"-2.4","2.4"
44,669397,"Allen, Nick",136,32.4,0.167,0.048,0.219,0.214,0.193,0.254,0.245,7,42,83.2,8.9,2223,88.6,89.01,7,40,4,0.4000000000000057,6.64,107,150,106,146,296,314,284,"2.9","-2.9"
43,664056,"Bader, Harrison",156,27.6,0.31,0,0.394,0.31,0.289,0.286,0.268,13,42,89.8,11.5,2234,89.3,89.52,9,42,1,0.20000000000000284,6.53,106,151,118,146,299,321,286,"0","0"
43,570482,"Urshela, Gio",137,31.4,0.31,0.048,0.382,0.357,0.306,0.323,0.328,13,42,86.7,8.7,2249,86.9,87.27,7,41,2,0.3999999999999915,6.64,108,152,120,148,298,320,285,"-0.1","0.1"
42,595281,"Kiermaier, Kevin",182,23.1,0.154,0.026,0.25,0.179,0.188,0.184,0.151,6,39,82.5,-8.5,2263,89.1,89.12,11,35,7,0,6.48,114,146,118,151,284,321,296,"3.9","-3.9"
42,666310,"Naylor, Bo",208,20.2,0.176,0.176,0.267,0.353,0.319,0.271,0.142,6,34,91.2,32.8,2254,89.7,89.87,12,29,13,0.20000000000000284,6.33,115,145,125,150,288,317,296,"-1.5","1.5"
42,657757,"Sheets, Gavin",170,24.7,0.286,0.286,0.348,0.571,0.407,0.429,0.318,10,35,91.6,15.6,2381,90.2,90.67,5,30,12,0.5,6.59,118,145,129,150,288,321,297,"-4.3","4.3"
42,676475,"Burleson, Alec",130,32.3,0.25,0.05,0.313,0.3,0.266,0.318,0.293,10,40,90.1,10.2,2242,90.5,91.17,7,39,3,0.7000000000000028,6.68,112,145,117,151,292,320,303,"1","-1"
42,457705,"McCutchen, Andrew",192,21.9,0.194,0.139,0.316,0.333,0.298,0.265,0.156,7,36,86,20.6,2212,90.7,91.16,9,29,13,0.5,6.63,104,148,120,144,301,316,283,"3.1","-3.1"
42,642180,"Wade, Tyler",176,23.9,0.222,0.028,0.32,0.25,0.271,0.31,0.261,8,36,81.1,0.2,2093,88.9,89.3,7,33,9,0.3999999999999915,6.58,111,145,105,152,277,312,295,"1.1","-1.1"
42,658668,"Olivares, Edward",180,23.3,0.308,0.256,0.31,0.564,0.4,0.475,0.409,12,39,88.3,15,2213,89.8,90.25,7,39,3,0.5,6.63,105,150,119,146,301,317,287,"-1.4","1.4"
42,672275,"Bailey, Patrick",167,25.1,0.306,0.139,0.385,0.444,0.357,0.355,0.298,11,36,91.2,3.7,2185,87.7,87.85,7,35,7,0.20000000000000284,6.44,117,148,122,150,291,321,301,"-0.3","0.3"
42,666150,"Fletcher, Dominic",167,25.1,0.25,0.083,0.375,0.333,0.313,0.313,0.256,9,36,84.8,13.5,2305,88.4,88.71,10,35,7,0.29999999999999716,6.43,116,147,117,151,282,317,297,"0.9","-0.9"
42,543305,"Hicks, Aaron",197,21.3,0.184,0.079,0.273,0.263,0.245,0.269,0.212,7,38,86.7,5,2233,87.6,87.85,11,34,8,0.20000000000000284,6.5,116,147,125,148,287,321,299,"2.5","-2.5"
42,686823,"Brennan, Will",150,28,0.211,0,0.258,0.211,0.223,0.297,0.27,8,38,86.6,13.2,2100,88.5,88.64,7,38,4,0.09999999999999432,6.4,113,143,118,149,285,317,297,"1.6","-1.6"
41,681481,"Carpenter, Kerry",137,29.9,0.27,0.216,0.286,0.486,0.356,0.366,0.266,10,37,86.8,20.7,2311,89.5,89.69,7,38,3,0.20000000000000284,6.47,117,145,122,151,294,324,296,"-0.8","0.8"
41,671277,"García Jr., Luis",153,26.8,0.325,0.175,0.433,0.5,0.367,0.331,0.257,13,40,88.9,8.9,2240,88.9,89.08,7,37,4,0.19999999999998863,6.46,118,146,116,150,282,311,299,"-2.5","2.5"
41,657656,"Laureano, Ramón",160,25.6,0.188,0.063,0.316,0.25,0.309,0.311,0.193,6,32,87.9,21.6,2225,90.8,91.04,11,30,11,0.20000000000000284,6.4,108,150,119,146,295,317,288,"0.2","-0.2"
41,679032,"Rojas, Johan",129,31.8,0.189,0.027,0.233,0.216,0.221,0.214,0.185,7,37,74.9,6.3,2321,87,87.37,6,37,4,0.4000000000000057,6.45,99,146,105,144,302,317,284,"2.2","-2.2"
40,678009,"Meadows, Parker",181,22.1,0.061,0.061,0.118,0.121,0.187,0.203,0.077,2,33,76.5,23.6,2249,90.4,90.7,12,29,11,0.29999999999999716,6.57,116,146,118,153,292,322,296,"4.6","-4.6"
40,621438,"Taylor, Tyrone",157,25.5,0.286,0.143,0.346,0.429,0.335,0.277,0.229,10,35,83.7,17,2226,86.8,86.98,8,36,4,0.20000000000000284,6.55,103,149,117,144,296,319,285,"-1.2","1.2"
40,656811,"O'Hearn, Ryan",137,29.2,0.314,0.286,0.31,0.6,0.431,0.469,0.366,11,35,92.2,16.4,2221,89.4,89.65,2,33,7,0.29999999999999716,6.53,120,147,129,152,294,325,298,"-1.5","1.5"
40,670032,"Lopez, Nicky",144,27.8,0.143,0,0.167,0.143,0.188,0.224,0.172,5,35,83.1,8.4,2375,90.4,90.82,3,34,6,0.3999999999999915,6.5,112,146,108,150,277,311,296,"3.3","-3.3"
39,527038,"Flores, Wilmer",153,25.5,0.235,0.029,0.267,0.265,0.268,0.273,0.212,8,34,84.8,21,2221,87.5,87.62,3,33,6,0.09999999999999432,6.49,106,150,120,144,297,319,293,"0.3","-0.3"
39,686554,"Dunn, Oliver",152,25.7,0.25,0.167,0.381,0.417,0.321,0.282,0.225,9,36,91.2,8.9,2193,91.5,91.87,9,31,8,0.4000000000000057,6.59,112,146,117,151,288,318,295,"-0.1","0.1"
39,677942,"Alexander, Blaze",167,23.4,0.286,0.171,0.348,0.457,0.363,0.298,0.219,10,35,84.5,5.6,2274,88.5,88.91,5,30,9,0.4000000000000057,6.48,112,150,116,146,306,328,293,"0","0"
39,678554,"Mead, Curtis",147,26.5,0.235,0,0.296,0.235,0.276,0.318,0.249,8,34,88.3,12.7,2258,86.9,87.12,4,31,8,0.19999999999998863,6.6,110,152,124,149,305,327,291,"2.6","-2.6"
39,663886,"Stephenson, Tyler",141,27.7,0.25,0.167,0.308,0.417,0.321,0.357,0.277,9,36,91.5,1.3,2215,88.9,88.98,6,33,6,0.09999999999999432,6.36,103,149,122,145,294,323,289,"-0.3","0.3"
38,676694,"Meyers, Jake",128,29.7,0.229,0.2,0.231,0.429,0.317,0.368,0.268,8,35,89,16,2334,88.5,88.63,7,35,3,0.09999999999999432,6.5,111,152,115,147,296,325,289,"-1","1"
38,663837,"Vierling, Matt",148,25.7,0.297,0.135,0.417,0.432,0.33,0.328,0.299,11,37,91.2,17.2,2199,89,86.48,6,31,7,-2.5,6.48,108,149,115,146,300,323,289,"0.7","-0.7"
38,681297,"Cowser, Colton",158,24.1,0.441,0.529,0.5,0.971,0.593,0.465,0.352,15,34,93.1,9.7,2244,89.1,89.74,7,33,5,0.6000000000000085,6.63,111,143,116,147,293,324,300,"-6.7","6.7"
38,571771,"Hernández, Enrique",130,29.2,0.2,0,0.25,0.2,0.203,0.292,0.246,7,35,89.8,10.6,2160,87.2,87.5,6,34,4,0.29999999999999716,6.54,106,151,119,146,304,315,285,"1.9","-1.9"
38,518595,"d'Arnaud, Travis",149,25.5,0.222,0.111,0.296,0.333,0.266,0.288,0.247,8,36,93.1,14.5,2320,89.9,90.2,8,35,3,0.29999999999999716,6.52,110,150,122,148,304,321,290,"2.3","-2.3"
37,671056,"Herrera, Iván",146,25.3,0.294,0.265,0.259,0.559,0.357,0.436,0.3,10,34,92,13.9,2263,89,89.28,5,35,2,0.29999999999999716,6.49,104,149,120,145,303,322,289,"0.8","-0.8"
37,624512,"McGuire, Reese",151,24.5,0.294,0.206,0.421,0.5,0.374,0.361,0.286,10,34,88,17.7,2217,88.2,88.5,6,27,10,0.29999999999999716,6.44,117,146,115,151,282,320,304,"-2","2"
37,650859,"Rengifo, Luis",116,31.9,0.278,0.056,0.345,0.333,0.283,0.201,0.193,10,36,86.7,3.3,2249,89.1,89.51,6,35,2,0.4000000000000057,6.61,111,146,113,149,285,318,299,"2.8","-2.8"
37,621035,"Taylor, Chris",151,24.5,0.031,0,0.067,0.031,0.12,0.205,0.115,1,32,80.6,13.9,2133,88.1,88.34,15,30,7,0.20000000000000284,6.42,111,151,119,147,300,314,287,"4","-4"
37,624428,"Frazier, Adam",154,24,0.207,0,0.24,0.207,0.3,0.317,0.21,6,29,81.3,2.7,2229,90.2,90.62,2,27,10,0.3999999999999915,6.58,114,143,112,148,287,317,300,"-0.1","0.1"
37,680700,"Palacios, Richie",154,24,0.267,0.1,0.368,0.367,0.36,0.386,0.292,8,30,88.1,5.3,2161,89,86.79,7,27,10,-2.200000000000003,6.49,118,147,114,152,290,326,303,"-2.8","2.8"
37,541645,"García, Avisaíl",132,28,0.194,0.111,0.231,0.306,0.231,0.279,0.24,7,36,85.7,3,2183,89,89.05,9,36,1,0,6.42,109,151,120,148,307,322,292,"2.9","-2.9"
37,669720,"Hays, Austin",127,29.1,0.086,0,0.12,0.086,0.111,0.224,0.181,3,35,84.4,5.3,2238,91.1,91.35,8,33,4,0.20000000000000284,6.51,110,151,118,147,313,326,292,"5.4","-5.4"
36,676391,"Clement, Ernie",126,28.6,0.265,0.147,0.267,0.412,0.299,0.306,0.271,9,34,85.3,16.8,2208,89.5,89.77,3,34,2,0.29999999999999716,6.57,108,152,114,147,296,320,278,"1.8","-1.8"
36,664238,"Moore, Dylan",151,23.8,0.172,0.138,0.211,0.31,0.307,0.344,0.204,5,29,90.4,26.8,2147,89.2,89.64,6,26,10,0.3999999999999915,6.55,106,153,118,146,300,320,291,"0.8","-0.8"
36,643289,"Dubón, Mauricio",124,29,0.257,0.086,0.273,0.343,0.276,0.256,0.236,9,35,88.8,10.6,2283,89.8,89.67,2,35,1,-0.09999999999999432,6.41,110,150,112,146,294,318,287,"-2.5","2.5"
36,687401,"Ortiz, Joey",168,21.4,0.323,0.097,0.4,0.419,0.379,0.285,0.229,10,31,89,8.8,2235,88.8,89.19,4,29,7,0.4000000000000057,6.57,108,151,122,148,300,318,281,"-2.6","2.6"
36,543257,"Grossman, Robbie",158,22.8,0.222,0.037,0.286,0.259,0.337,0.366,0.259,6,27,88,9.6,2287,90.6,91.14,4,25,11,0.5,6.57,116,147,125,149,289,316,291,"1.3","-1.3"
35,686527,"Canzone, Dominic",131,26.7,0.219,0.313,0.222,0.531,0.351,0.388,0.283,7,32,90.3,8.6,2202,87.1,87.66,9,30,5,0.6000000000000085,6.69,112,146,119,151,288,320,293,"-2","2"
35,622534,"Margot, Manuel",134,26.1,0.194,0.097,0.238,0.29,0.269,0.295,0.238,6,31,77.1,8.4,2240,88.1,88.63,7,29,6,0.5,6.56,109,152,113,147,303,323,285,"1.5","-1.5"
35,641584,"Fraley, Jake",114,30.7,0.424,0.091,0.538,0.515,0.433,0.331,0.313,14,33,84.9,11.4,2165,89.5,89.81,6,32,3,0.29999999999999716,6.47,123,146,121,151,285,321,296,"-4.5","4.5"
35,592626,"Pederson, Joc",154,22.7,0.346,0.077,0.333,0.423,0.406,0.375,0.269,9,26,88.4,8.4,2068,89.4,89.87,0,28,7,0.5,6.48,114,146,130,153,301,330,304,"-0.3","0.3"
34,669224,"Wells, Austin",130,26.2,0.115,0,0.13,0.115,0.204,0.413,0.262,3,26,84.1,20.9,2221,86.2,86.39,5,28,6,0.20000000000000284,6.51,107,143,123,147,284,316,295,"3.4","-3.4"
34,573262,"Yastrzemski, Mike",142,23.9,0.138,0,0.235,0.138,0.195,0.227,0.163,4,29,79.5,5.4,2188,87.9,88.23,9,27,7,0.29999999999999716,6.52,115,144,120,150,296,323,304,"3.1","-3.1"
34,660688,"Ruiz, Keibert",106,32.1,0.194,0.097,0.2,0.29,0.257,0.277,0.213,6,31,86.5,22.5,2244,90.3,90.71,4,30,4,0.4000000000000057,6.51,114,146,121,149,290,317,287,"2.3","-2.3"
34,657557,"DeJong, Paul",137,24.8,0.176,0.265,0.235,0.441,0.261,0.16,0.134,6,34,86.2,28.3,2362,89.5,87.19,14,33,1,-2.299999999999997,6.54,108,150,119,145,297,321,284,"2.6","-2.6"
34,592696,"Rosario, Eddie",125,27.2,0.121,0.121,0.13,0.242,0.151,0.138,0.123,4,33,87.5,6.3,2172,87.1,87.35,8,32,2,0.20000000000000284,6.43,112,143,114,149,285,314,297,"5.1","-5.1"
34,641343,"Bauers, Jake",117,29.1,0.161,0.161,0.222,0.323,0.252,0.225,0.159,5,31,86.4,30.1,2238,88.6,88.78,9,28,6,0.20000000000000284,6.48,116,144,123,151,293,321,296,"-0.5","0.5"
34,643565,"Tauchman, Mike",193,17.6,0.192,0.077,0.238,0.269,0.321,0.377,0.23,5,26,87.8,16,2143,90.1,90.29,5,26,8,0.20000000000000284,6.42,119,147,125,152,288,319,302,"0.3","-0.3"
33,666160,"Moniak, Mickey",155,21.3,0.207,0.034,0.316,0.241,0.261,0.252,0.185,6,29,82,22.1,2250,87.6,87.75,6,25,8,0.10000000000000853,6.43,112,146,117,150,292,323,303,"2.1","-2.1"
33,596115,"Story, Trevor",123,26.8,0.226,0.097,0.318,0.323,0.268,0.215,0.172,7,31,88.1,21.6,2157,90.5,90.76,8,30,3,0.29999999999999716,6.47,105,149,119,143,299,322,291,"0.8","-0.8"
33,608348,"Kelly, Carson",113,29.2,0.226,0.129,0.25,0.355,0.281,0.338,0.279,7,31,91.8,16.2,2359,89.4,89.48,5,30,3,0.09999999999999432,6.51,110,151,121,147,299,319,287,"1","-1"
33,593934,"Sanó, Miguel",140,23.6,0.214,0.071,0.4,0.286,0.295,0.33,0.234,6,28,100.1,13.7,2257,87,87.18,9,24,9,0.20000000000000284,6.51,104,152,122,144,308,328,299,"0.9","-0.9"
33,605361,"Martini, Nick",119,27.7,0.29,0.387,0.316,0.677,0.406,0.351,0.276,9,31,88.8,17.9,2151,90.1,90.4,7,29,4,0.30000000000001137,6.45,106,141,120,146,281,319,296,"-4","4"
33,660821,"Sánchez, Jesús",116,28.4,0.167,0,0.25,0.167,0.202,0.307,0.235,5,30,95.9,-1.3,2346,88.9,89.15,10,30,3,0.19999999999998863,6.46,119,147,121,151,294,320,301,"-1.5","1.5"
33,676914,"Schneider, Davis",140,23.6,0.241,0.276,0.278,0.517,0.371,0.338,0.219,7,29,90.1,27.3,2286,88.5,88.24,6,26,7,-0.29999999999999716,6.34,104,152,123,147,300,326,287,"-4","4"
33,545121,"Vargas, Ildemaro",125,26.4,0.286,0.107,0.32,0.393,0.36,0.332,0.26,8,28,87.8,5.1,2138,89.9,90.05,3,28,5,0.09999999999999432,6.45,105,147,110,149,288,310,290,"-0.6","0.6"
32,572138,"Singleton, Jon",112,28.6,0.25,0.071,0.35,0.321,0.309,0.329,0.267,7,28,84.7,10.1,2320,91.5,91.65,4,24,8,0.20000000000000284,6.46,120,147,132,152,290,328,296,"4.4","-4.4"
32,670242,"Wallner, Matt",133,24.1,0.083,0.167,0.125,0.25,0.263,0.278,0.128,2,24,86.1,14.4,2316,86.2,86.67,9,18,14,0.5,6.59,116,145,138,152,293,331,300,"-1.1","1.1"
32,621466,"Stewart, DJ",137,23.4,0.167,0.292,0.154,0.458,0.376,0.345,0.158,4,24,87,12.5,2264,89.8,89.88,6,21,11,0.10000000000000853,6.52,119,146,126,151,291,325,298,"-1.2","1.2"
32,622569,"Reyes, Pablo",129,24.8,0.194,0.032,0.273,0.226,0.203,0.24,0.213,6,31,85.1,22,2198,88.7,88.84,5,27,5,0.09999999999999432,6.43,106,148,112,144,292,317,293,"1.7","-1.7"
32,669911,"Toglia, Michael",135,23.7,0.129,0.29,0.063,0.419,0.245,0.343,0.225,4,31,93.5,15.6,2229,87.8,88.4,10,29,3,0.6000000000000085,6.58,105,146,120,149,294,328,297,"3.1","-3.1"
32,696285,"Young, Jacob",112,28.6,0.25,0.071,0.304,0.321,0.298,0.307,0.261,7,28,80.6,8.9,2150,87.2,87.6,4,28,4,0.3999999999999915,6.58,103,148,108,147,296,309,283,"-0.3","0.3"
32,672284,"Kelenic, Jarred",137,23.4,0.414,0.103,0.667,0.517,0.439,0.314,0.26,12,29,87.4,15.8,2241,88.8,89.28,8,26,6,0.5,6.59,121,145,124,151,292,324,297,"-3.7","3.7"
31,667670,"Rooker, Brent",135,23,0.2,0.233,0.333,0.433,0.284,0.28,0.196,6,30,90.2,22.4,2267,87.5,87.67,12,26,5,0.20000000000000284,6.51,110,153,124,146,299,323,293,"1.2","-1.2"
31,681807,"Fry, David",130,23.8,0.304,0.217,0.353,0.522,0.404,0.382,0.271,7,23,89.4,25.9,2341,87.9,87.91,3,21,10,0,6.28,108,150,120,147,292,316,288,"-4.6","4.6"
31,669289,"Espinal, Santiago",132,23.5,0.167,0,0.174,0.167,0.214,0.254,0.197,4,24,88,4.9,2205,89.5,89.75,1,25,6,0.20000000000000284,6.57,110,148,116,144,295,318,284,"2.5","-2.5"
31,571657,"Farmer, Kyle",103,30.1,0.08,0.04,0.105,0.12,0.208,0.284,0.188,2,25,78.5,-0.6,2216,88.3,88.82,2,21,10,0.5,6.6,109,152,119,147,297,323,290,"3.8","-3.8"
30,663368,"Perkins, Blake",120,25,0.385,0.231,0.444,0.615,0.473,0.329,0.261,10,26,85.3,8.3,2304,88.9,89.07,5,25,5,0.19999999999998863,6.48,115,147,115,151,287,320,290,"-3","3"
30,664040,"Lowe, Brandon",100,30,0.185,0.148,0.211,0.333,0.273,0.335,0.242,5,27,90.9,17.2,2186,87.6,88.25,6,26,4,0.6000000000000085,6.58,119,145,112,151,290,331,302,"1.4","-1.4"
30,624503,"Gordon, Nick",106,28.3,0.222,0.37,0.214,0.593,0.356,0.372,0.279,6,27,89.1,12.4,2256,90.1,90.18,9,26,4,0.10000000000000853,6.42,113,146,116,152,292,320,301,"-5","5"
30,656413,"Fairchild, Stuart",111,27,0.296,0,0.381,0.296,0.311,0.319,0.27,8,27,87.2,26.9,2196,90.5,90.97,5,26,4,0.5,6.53,108,152,112,147,297,321,286,"-0.7","0.7"
30,455117,"Maldonado, Martín",111,27,0.069,0.034,0.1,0.103,0.096,0.234,0.177,2,29,88.6,24.1,2269,90,90.55,7,27,3,0.5999999999999943,6.57,105,152,120,147,294,321,284,"3.6","-3.6"
30,664983,"McCarthy, Jake",111,27,0.276,0.103,0.4,0.379,0.301,0.204,0.194,8,29,80.7,3.8,2254,88.4,88.71,6,26,4,0.29999999999999716,6.4,119,147,110,152,293,325,305,"-3.3","3.3"
30,668670,"Rogers, Jake",135,22.2,0.111,0.111,0.154,0.222,0.201,0.261,0.185,3,27,90.7,12.8,2258,89.9,87.28,11,25,5,-2.6000000000000085,6.63,108,153,121,148,301,323,289,"2.3","-2.3"
29,624431,"Trevino, Jose",143,20.3,0.2,0.12,0.222,0.32,0.293,0.287,0.188,5,25,89.2,25.1,2284,91.9,92,4,23,6,0.09999999999999432,6.4,106,149,119,145,293,314,278,"1.4","-1.4"
29,677800,"Abreu, Wilyer",111,26.1,0.231,0.077,0.429,0.308,0.285,0.229,0.165,6,26,91.4,15.5,2000,88.9,89.11,9,23,6,0.19999999999998863,6.44,116,146,125,152,283,321,306,"-0.4","0.4"
29,594807,"Duvall, Adam",123,23.6,0.25,0.167,0.294,0.417,0.338,0.416,0.291,6,24,88.9,22.9,2190,89.6,89.78,5,23,6,0.20000000000000284,6.53,108,152,122,146,299,322,292,"0.2","-0.2"
29,668942,"Rojas, Josh",120,24.2,0.346,0.038,0.45,0.385,0.366,0.344,0.311,9,26,84.1,19.9,2154,89.2,89.59,5,25,4,0.3999999999999915,6.55,116,148,114,152,287,318,297,"-0.9","0.9"
29,673357,"Robert Jr., Luis",108,26.9,0.214,0.286,0.267,0.5,0.317,0.361,0.241,6,28,92.4,5.2,2331,88.8,86.21,8,25,4,-2.5999999999999943,6.49,107,150,118,144,307,330,294,"1.2","-1.2"
29,666163,"Rortvedt, Ben",112,25.9,0.32,0.08,0.421,0.4,0.372,0.344,0.269,8,25,90.9,14.9,2174,89.3,89.49,5,24,5,0.20000000000000284,6.49,115,144,117,149,291,327,301,"-1.5","1.5"
28,650907,"Pinto, René",119,23.5,0.269,0.308,0.417,0.577,0.361,0.341,0.221,7,26,93.7,35.8,2183,90.3,90.47,10,24,4,0.20000000000000284,6.59,105,151,121,146,304,328,290,"-0.1","0.1"
28,663743,"Fortes, Nick",80,35,0.115,0.038,0.125,0.154,0.141,0.237,0.225,3,26,80.3,6.2,2285,89.1,89,2,27,1,-0.09999999999999432,6.4,109,149,117,147,304,319,287,"0","0"
28,656716,"McKinstry, Zach",111,25.2,0.25,0,0.353,0.25,0.269,0.358,0.303,6,24,89.6,19.3,2355,88.6,88.74,4,21,7,0.10000000000000853,6.57,110,146,114,153,290,320,295,"1.5","-1.5"
28,656180,"Adams, Riley",105,26.7,0.346,0.231,0.4,0.577,0.397,0.417,0.342,9,26,89.1,8,2195,89.1,89.25,6,27,1,0.20000000000000284,6.39,102,149,120,147,296,313,291,"-2.5","2.5"
28,668885,"Martin, Austin",97,28.9,0.24,0.12,0.286,0.36,0.309,0.323,0.288,6,25,86.8,14.7,2260,90.6,91.25,2,23,5,0.6000000000000085,6.66,110,150,113,145,303,325,282,"1.2","-1.2"
27,672820,"Sosa, Lenyn",98,27.6,0.2,0.08,0.294,0.28,0.229,0.255,0.239,5,25,82.8,2.6,2320,87.5,88.2,6,24,3,0.7000000000000028,6.62,107,149,119,147,296,313,282,"1.2","-1.2"
27,666023,"Fermin, Freddy",100,27,0.192,0.038,0.208,0.231,0.207,0.251,0.227,5,26,86.1,17.1,2310,88.2,89.09,2,26,1,0.8999999999999915,6.77,109,151,121,147,304,321,291,"1.8","-1.8"
27,686676,"Lee, Korey",96,28.1,0.269,0.154,0.316,0.423,0.317,0.368,0.295,7,26,82.7,0.8,2298,88.9,89.39,5,25,2,0.5,6.41,106,151,123,147,300,318,285,"1.6","-1.6"
27,679845,"Loftin, Nick",103,26.2,0.238,0,0.263,0.238,0.298,0.318,0.239,5,21,81.5,7.1,2208,89.6,90.27,2,21,6,0.7000000000000028,6.54,109,147,117,142,305,321,295,"-1","1"
27,657136,"Wong, Connor",96,28.1,0.333,0.148,0.444,0.481,0.357,0.256,0.236,9,27,86.3,21.6,2137,87.3,87.21,6,25,2,-0.09999999999999432,6.27,108,151,118,148,292,319,295,"-3","3"
27,665804,"Amaya, Miguel",73,37,0.25,0.125,0.263,0.375,0.297,0.315,0.289,6,24,91.4,2,2132,87.9,88.13,4,24,3,0.19999999999998863,6.5,110,149,123,146,296,322,294,"1.5","-1.5"
27,649966,"Urías, Luis",117,23.1,0.174,0.261,0.25,0.435,0.324,0.316,0.212,4,23,89.2,26.1,2066,89.1,89.61,7,20,7,0.5,6.64,104,152,119,145,296,316,288,"-2.3","2.3"
27,593160,"Merrifield, Whit",113,23.9,0.12,0,0.136,0.12,0.152,0.231,0.207,3,25,78.3,16.5,2321,89.4,89.62,3,25,2,0.19999999999998863,6.49,105,151,112,148,300,315,281,"3.5","-3.5"
27,672695,"Perdomo, Geraldo",109,24.8,0.25,0.042,0.286,0.292,0.294,0.321,0.269,6,24,87.8,15,2156,90.8,91,1,22,5,0.20000000000000284,6.37,111,148,112,150,294,324,290,"0.2","-0.2"
26,543877,"Vázquez, Christian",93,28,0.13,0.13,0.118,0.261,0.183,0.285,0.228,3,23,87.6,14.8,2331,88.8,89.51,5,24,2,0.7000000000000028,6.63,107,149,119,147,303,321,283,"1.6","-1.6"
26,543228,"Gomes, Yan",95,27.4,0.192,0.154,0.235,0.346,0.232,0.268,0.224,5,26,83.5,14.3,2350,89.9,89.93,8,26,0,0,6.39,107,150,123,146,297,318,293,"1.4","-1.4"
25,664314,"Florial, Estevan",92,27.2,0.19,0.381,0.222,0.571,0.379,0.267,0.14,4,21,86.6,6.5,2341,90.2,90.3,6,17,8,0.09999999999999432,6.33,115,147,123,153,287,319,298,"-2.2","2.2"
25,602104,"Urías, Ramón",90,27.8,0.167,0,0.2,0.167,0.172,0.232,0.196,4,24,81,-0.9,2156,91.6,91.77,1,21,4,0.20000000000000284,6.46,112,152,120,147,309,320,288,"1.6","-1.6"
25,663527,"Nevin, Tyler",95,26.3,0.273,0,0.353,0.273,0.301,0.322,0.266,6,22,86.4,5.4,2147,89.1,89.76,5,22,3,0.7000000000000028,6.68,110,152,120,146,303,327,293,"-0.3","0.3"
24,677649,"Duran, Ezequiel",111,21.6,0.2,0.05,0.286,0.25,0.284,0.274,0.173,4,20,89.5,4.7,2132,88,88.11,6,20,4,0.09999999999999432,6.44,107,151,119,147,306,324,292,"1.5","-1.5"
23,571912,"Maile, Luke",94,24.5,0.15,0.15,0.154,0.3,0.26,0.266,0.194,3,20,85.3,12.3,2198,89.3,89.73,5,19,4,0.4000000000000057,6.63,111,151,124,148,295,320,289,"0.4","-0.4"
23,666152,"Hamilton, David",93,24.7,0.19,0.143,0.3,0.333,0.269,0.216,0.16,4,21,89.9,8.4,2107,88.1,84.46,8,19,4,-3.5999999999999943,6.37,112,146,118,152,276,320,305,"2.1","-2.1"
23,542194,"Bethancourt, Christian",81,28.4,0,0,0,0,0.031,0.202,0.164,0,22,88.3,10.1,2288,87.5,87.85,6,22,1,0.4000000000000057,6.57,112,151,118,147,307,320,290,"5.1","-5.1"
23,672356,"Arias, Gabriel",78,29.5,0.227,0.182,0.235,0.409,0.294,0.278,0.211,5,22,87.9,11.2,2332,89.1,89.17,3,21,2,0.10000000000000853,6.26,106,149,117,146,292,317,289,"0.8","-0.8"
23,670042,"Raley, Luke",80,28.7,0.13,0.043,0.2,0.174,0.134,0.215,0.225,3,23,88.5,11.9,2005,88.5,89.21,6,21,2,0.7000000000000028,6.67,114,146,118,152,295,323,298,"3.8","-3.8"
23,666703,"Rosario, Eguy",80,28.7,0.238,0.429,0.3,0.667,0.409,0.327,0.211,5,21,88.6,15.7,2107,89.6,89.57,8,20,3,0,6.43,110,152,122,148,299,316,292,"0","0"
22,545341,"Grichuk, Randal",75,29.3,0.15,0.15,0.118,0.3,0.208,0.162,0.102,3,20,88.4,18.1,2239,88.6,89.21,2,20,2,0.6000000000000085,6.55,106,152,123,146,310,333,297,"1.2","-1.2"
22,669699,"Shewmake, Braden",73,30.1,0.2,0.2,0.176,0.4,0.266,0.274,0.22,4,20,88,23.2,2294,89.1,89.45,2,20,2,0.4000000000000057,6.48,112,142,114,148,287,318,297,"2.7","-2.7"
22,687231,"Hernaiz, Darell",85,25.9,0.095,0,0.167,0.095,0.114,0.18,0.156,2,21,83.8,7.2,2050,88,88.35,7,19,3,0.29999999999999716,6.62,111,152,120,147,300,317,287,"2.4","-2.4"
21,596146,"Kepler, Max",89,23.6,0.05,0,0.071,0.05,0.077,0.116,0.083,1,20,87.7,35.1,2209,86.5,86.58,6,20,1,0.09999999999999432,6.49,118,147,130,151,295,317,298,"4.2","-4.2"
21,596142,"Sánchez, Gary",75,28,0.15,0.15,0.118,0.3,0.218,0.392,0.26,3,20,87.3,22.9,2367,84.3,84.18,1,19,2,-0.09999999999999432,6.38,102,152,122,145,307,323,288,"0.6","-0.6"
21,666176,"Adell, Jo",90,23.3,0.211,0.263,0.2,0.474,0.295,0.404,0.333,4,19,84.5,12.4,2263,89.3,89.7,4,20,1,0.4000000000000057,6.65,105,148,119,142,303,322,292,"1.8","-1.8"
21,605170,"Caratini, Victor",82,25.6,0.333,0.238,0.462,0.571,0.391,0.267,0.26,7,21,92.4,4.6,2213,90.2,90.16,5,19,2,0,6.3,118,145,124,151,285,322,297,"-3.2","3.2"
21,660644,"Bruján, Vidal",82,25.6,0.1,0.05,0.118,0.15,0.137,0.194,0.17,2,20,82.9,17.4,2309,88.1,88.3,2,19,2,0.20000000000000284,6.44,114,150,110,149,298,320,284,"1.6","-1.6"
21,543510,"McCann, James",66,31.8,0.238,0.048,0.294,0.286,0.232,0.252,0.228,5,21,88,12.8,2318,90.2,90.67,3,20,1,0.5,6.65,111,152,121,148,316,325,291,"0.9","-0.9"
21,542932,"Berti, Jon",88,23.9,0.211,0,0.308,0.211,0.216,0.244,0.222,4,19,73.5,12.7,2304,90.6,90.71,4,18,3,0.10000000000000853,6.48,105,149,117,147,297,312,274,"2.1","-2.1"
21,641658,"Hampson, Garrett",82,25.6,0.2,0.05,0.444,0.25,0.223,0.18,0.152,4,20,83.8,30.6,2287,86.5,87.05,8,17,4,0.5999999999999943,6.61,107,150,117,148,305,322,288,"1.1","-1.1"
20,607054,"Peterson, Jace",85,23.5,0.063,0,0.091,0.063,0.151,0.256,0.193,1,16,84.4,-11.3,2222,89.4,90.08,6,17,3,0.6999999999999886,6.67,106,145,116,152,296,328,307,"2.7","-2.7"
20,622761,"Mateo, Jorge",86,23.3,0.316,0.158,0.5,0.474,0.362,0.303,0.249,6,19,82.2,14.5,2207,88,88.33,5,17,3,0.29999999999999716,6.58,111,152,114,148,315,324,291,"-2.3","2.3"
20,500743,"Rojas, Miguel",61,32.8,0.25,0.3,0.214,0.55,0.342,0.248,0.232,5,20,85.8,-0.6,2061,89.6,90.06,1,17,3,0.5,6.64,113,152,117,149,304,313,285,"-0.1","0.1"
20,608596,"Murphy, Tom",81,24.7,0.118,0.059,0.154,0.176,0.215,0.306,0.201,2,17,88.3,7.7,2308,87.8,87.9,4,17,3,0.10000000000000853,6.48,109,152,122,146,297,323,295,"1.3","-1.3"
20,675961,"Williams, Alika",69,29,0.294,0.118,0.357,0.412,0.329,0.263,0.219,5,17,81,18.8,2288,91.8,92.2,2,18,2,0.4000000000000057,6.6,101,146,108,144,298,314,281,"-1.4","1.4"
19,595978,"Hedges, Austin",92,20.7,0.111,0.056,0.2,0.167,0.115,0.09,0.097,2,18,82.1,20.5,2240,89.4,89.07,8,18,1,-0.30000000000001137,6.12,102,146,117,142,292,316,289,"2.6","-2.6"
19,607680,"Pillar, Kevin",87,21.8,0.214,0.143,0.3,0.357,0.351,0.354,0.21,3,14,79.8,21.4,2084,85.8,86.31,2,13,6,0.5,6.66,108,149,116,145,292,321,289,"-0.6","0.6"
19,656896,"Rivera, Emmanuel",85,22.4,0.176,0,0.214,0.176,0.217,0.211,0.161,3,17,87.9,13.9,2350,84.9,84.66,3,17,2,-0.20000000000000284,6.26,109,152,122,147,306,322,286,"1","-1"
19,673962,"Jung, Josh",89,21.3,0.412,0.529,0.455,0.941,0.586,0.399,0.289,7,17,86.6,11.5,2268,89.7,89.75,3,16,3,0,6.4,108,148,120,145,313,322,288,"-3.8","3.8"
18,666915,"Dalbec, Bobby",91,19.8,0,0,0,0,0.039,0.125,0.095,0,17,84.9,5.2,2084,86.1,86.11,6,12,6,0,6.22,107,151,121,148,295,322,295,"3.6","-3.6"
18,553882,"Narváez, Omar",69,26.1,0.294,0.059,0.357,0.353,0.31,0.258,0.223,5,17,87,26.1,2224,90.2,90.59,2,16,2,0.3999999999999915,6.56,118,147,134,152,277,314,297,"-0.1","0.1"
18,663611,"Madrigal, Nick",56,32.1,0.278,0.111,0.294,0.389,0.292,0.246,0.26,5,18,89,-3,2298,88.6,88.72,1,18,0,0.10000000000000853,6.61,107,145,116,144,296,313,291,"-0.2","0.2"
17,628451,"Ibáñez, Andy",60,28.3,0.267,0,0.364,0.267,0.212,0.241,0.213,4,15,84,8.8,2180,86.3,81.74,4,15,2,-4.599999999999994,6.76,107,149,118,146,292,319,285,"0.9","-0.9"
17,596129,"Vogelbach, Daniel",89,19.1,0.167,0.083,0.25,0.25,0.336,0.279,0.095,2,12,85.8,21.8,2242,90.6,90.28,4,12,5,-0.29999999999999716,6.29,117,146,127,152,292,329,299,"-0.9","0.9"
16,596103,"Slater, Austin",74,21.6,0.083,0,0.1,0.083,0.233,0.367,0.251,1,12,89.9,10.7,2083,88.1,88.34,1,11,5,0.20000000000000284,6.51,102,149,118,143,302,324,296,"2.6","-2.6"
16,607732,"Stallings, Jacob",61,26.2,0.25,0.083,0.3,0.333,0.373,0.376,0.206,3,12,84.8,12.3,2134,90.2,90.88,0,10,6,0.8000000000000114,6.63,107,151,116,147,300,322,289,"-1.2","1.2"
15,518792,"Heyward, Jason",45,33.3,0.214,0,0.214,0.214,0.18,0.184,0.197,3,14,83.2,20.4,2344,87.1,86.68,1,15,0,-0.3999999999999915,5.95,112,143,115,151,301,324,300,"1.2","-1.2"
15,702616,"Holliday, Jackson",66,22.7,0.067,0,0.167,0.067,0.06,0.074,0.076,1,15,81,-8,2190,85.7,86.11,7,13,2,0.3999999999999915,6.61,112,148,122,152,293,323,304,"2.2","-2.2"
15,669304,"Miranda, Jose",63,23.8,0.154,0,0.222,0.154,0.217,0.217,0.134,2,13,91.8,10.1,2330,90.4,91.2,2,11,4,0.7999999999999972,6.71,110,152,123,147,300,333,290,"1.2","-1.2"
15,688363,"Pauley, Graham",68,22.1,0.133,0.2,0.143,0.333,0.198,0.166,0.166,2,15,88.9,24.3,2240,86.1,85.59,6,14,1,-0.5,6.17,122,147,119,152,283,319,298,"0.3","-0.3"
15,643265,"Cooper, Garrett",56,26.8,0.385,0.462,0.667,0.846,0.545,0.476,0.322,5,13,95.4,17.1,2313,90.1,90.28,5,12,3,0.20000000000000284,6.55,112,151,126,148,306,330,300,"-2.5","2.5"
15,571466,"Barnhart, Tucker",59,25.4,0.25,0,0.333,0.25,0.294,0.301,0.249,3,12,74.3,-18.9,2217,88.5,88.97,2,12,3,0.5,6.51,116,147,119,152,294,329,304,"0.3","-0.3"
14,677950,"Thomas, Alek",41,34.1,0.214,0.286,0.2,0.5,0.303,0.332,0.286,3,14,91.6,-2.3,1972,88.7,89.11,3,14,0,0.3999999999999915,6.49,99,144,110,149,297,325,302,"0","0"
14,644433,"Tromp, Chadwick",51,27.5,0.154,0.077,0.222,0.231,0.155,0.138,0.146,2,13,88.8,12.6,2167,86.2,86.45,5,14,0,0.29999999999999716,6.47,116,150,121,147,300,321,293,"0.5","-0.5"
14,640492,"Azocar, José",48,29.2,0.364,0,0.5,0.364,0.386,0.344,0.295,4,11,82.8,0,2162,88.3,88.19,3,12,2,-0.09999999999999432,6.41,109,149,117,148,296,311,281,"-2.5","2.5"
14,595909,"Cave, Jake",66,21.2,0.273,0.273,0.375,0.545,0.372,0.209,0.131,3,11,85.8,1,2363,90.1,90.83,1,9,5,0.7000000000000028,6.53,117,145,119,150,295,323,301,"-2.6","2.6"
14,608671,"Jankowski, Travis",46,30.4,0.333,0.333,0.333,0.667,0.468,0.26,0.158,4,12,77.5,-8.1,2150,89.2,89.61,1,11,3,0.3999999999999915,6.64,112,148,110,150,284,314,299,"-0.6","0.6"
14,668853,"Shenton, Austin",61,23,0.231,0.154,0.429,0.385,0.297,0.219,0.183,3,13,88.7,13.6,2160,89.7,90.04,4,11,3,0.29999999999999716,6.54,124,146,125,151,296,329,302,"-0.4","0.4"
13,621028,"Newman, Kevin",47,27.7,0.25,0.083,0.25,0.333,0.291,0.316,0.299,3,12,85.2,-4.3,2306,88.3,88.89,0,12,1,0.6000000000000085,6.49,110,148,113,143,307,330,295,"-0.4","0.4"
13,672279,"Siani, Michael",51,25.5,0.1,0.2,0.2,0.3,0.255,0.198,0.09,1,10,81.8,-16.3,2307,87.7,87.98,3,9,4,0.29999999999999716,6.45,119,148,104,149,288,316,304,"1.7","-1.7"
13,543309,"Higashioka, Kyle",45,28.9,0.154,0.231,0.2,0.385,0.228,0.175,0.117,2,13,90.9,6,1914,88.3,88.81,4,11,2,0.5,6.67,105,146,117,141,293,315,291,"1.4","-1.4"
13,543063,"Crawford, Brandon",58,22.4,0.091,0,0.167,0.091,0.178,0.195,0.109,1,11,92.4,22.3,2125,89,89.24,4,10,3,0.20000000000000284,6.47,110,144,119,151,289,319,301,"1.5","-1.5"
13,596117,"Stubbs, Garrett",39,33.3,0.167,0,0.222,0.167,0.193,0.225,0.189,2,12,73.6,11.2,2194,87.3,87.15,3,12,1,-0.09999999999999432,6.14,113,143,105,149,286,318,295,"-0.1","0.1"
13,666149,"Fitzgerald, Tyler",52,25,0.417,0.333,0.833,0.75,0.516,0.301,0.286,5,12,86.9,17.3,1984,86.2,85.95,3,9,4,-0.20000000000000284,6.34,100,152,117,145,299,321,291,"-1.7","1.7"
13,663698,"Bart, Joey",57,22.8,0.4,0.7,0.4,1.1,0.649,0.59,0.372,4,10,91.4,4.9,2399,89.3,89.45,2,9,4,0.10000000000000853,6.44,101,147,119,143,305,319,285,"-3.3","3.3"
12,663457,"Nootbaar, Lars",52,23.1,0.222,0.333,0.143,0.556,0.424,0.466,0.288,2,9,88.8,0.9,2236,88.7,89.09,1,9,3,0.3999999999999915,6.59,110,147,112,150,301,325,300,"-1.6","1.6"
12,621563,"Wendle, Joey",48,25,0.182,0,0.222,0.182,0.209,0.238,0.182,2,11,87.3,19.9,2335,88.1,88.03,1,10,2,-0.09999999999999432,6.4,112,145,120,151,284,317,299,"0.8","-0.8"
12,664874,"Zavala, Seby",51,23.5,0,0,0,0,0,0.196,0.163,0,12,85.2,12.4,2248,88.6,89.42,3,10,2,0.8000000000000114,6.77,104,154,122,146,304,325,288,"3.1","-3.1"
11,650391,"Jiménez, Eloy",38,28.9,0.182,0,0.222,0.182,0.164,0.273,0.284,2,11,88.6,6.9,2307,88.2,79.77,1,10,1,-8.400000000000006,6.51,111,149,120,145,307,329,283,"2.3","-2.3"
11,572761,"Carpenter, Matt",43,25.6,0.3,0,0.429,0.3,0.27,0.217,0.187,3,10,72.9,43.9,2288,90,90.54,1,9,2,0.5,6.55,121,146,118,151,291,317,299,"0.7","-0.7"
11,605131,"Barnes, Austin",56,19.6,0.333,0,0.6,0.333,0.374,0.285,0.197,3,9,79.6,22.2,2331,92.2,92.85,2,7,4,0.5999999999999943,6.69,112,153,120,149,303,313,285,"0.2","-0.2"
11,669352,"Thompson, Bubba",41,26.8,0.182,0.091,0.4,0.273,0.198,0.274,0.245,2,11,90.2,6.2,2346,88.5,88.67,5,10,1,0.20000000000000284,6.45,99,148,110,146,295,319,280,"1.7","-1.7"
11,668800,"Knizner, Andrew",43,25.6,0,0,0,0,0,0.124,0.132,0,11,90.7,19.9,1949,86.7,86.74,2,9,2,0,6.36,100,152,119,146,303,319,284,"1.6","-1.6"
10,680118,"Blanco, Dairon",37,27,0,0,0,0,0.215,0.494,0.273,0,7,77.2,17.3,2133,89.3,89.59,1,7,3,0.29999999999999716,6.46,110,152,119,148,303,323,290,"0.4","-0.4"
10,678489,"Barrosa, Jorge",33,30.3,0.2,0.1,0.222,0.3,0.218,0.387,0.386,2,10,80.1,13.4,2319,91.3,91.35,1,10,0,0,6.27,111,151,104,150,297,328,289,"0.2","-0.2"
10,663757,"Grisham, Trent",40,25,0,0,0,0,0.079,0.32,0.184,0,8,88.2,26,2296,88.4,88.79,2,7,3,0.5,6.5,113,144,108,148,284,314,291,"1.1","-1.1"
10,661531,"Serven, Brian",45,22.2,0,0,0,0,0.145,0.2,0.072,0,8,61.2,-1.5,2237,88.3,88.15,3,7,3,-0.09999999999999432,6.39,113,150,120,146,296,325,285,"1.8","-1.8"
10,668832,"McCann, Kyle",42,23.8,0.143,0,0.25,0.143,0.302,0.354,0.209,1,7,75.6,-8.8,2229,89.7,89.93,3,7,3,0.20000000000000284,6.64,118,147,124,152,292,318,298,"0.2","-0.2"
9,643393,"Kemp, Tony",37,24.3,0,0,0,0,0,0.143,0.142,0,9,76.2,15,2022,90.1,90.27,1,9,0,0.20000000000000284,6.59,107,146,113,152,280,317,293,"1.9","-1.9"
9,655316,"Monasterio, Andruw",37,24.3,0,0,0,0,0.157,0.329,0.156,0,7,83.8,18.2,2384,84.4,84.7,1,7,2,0.29999999999999716,6.43,108,151,122,147,306,319,283,"1.4","-1.4"
9,666197,"Kessinger, Grae",39,23.1,0,0,0,0,0,0.066,0.062,0,9,71.9,-7.4,2168,86.5,86.67,4,9,0,0.20000000000000284,6.61,115,152,117,146,290,323,292,"2.7","-2.7"
8,670156,"Mastrobuoni, Miles",30,26.7,0,0,0,0,0.088,0.22,0.161,0,7,87.6,28.4,2506,91.5,90.9,2,7,1,-0.5999999999999943,6.09,121,142,115,149,287,316,300,"1.5","-1.5"
8,665506,"Pache, Cristian",35,22.9,0.167,0,0.333,0.167,0.289,0.288,0.159,1,6,89.5,7.3,2240,87.4,87.59,2,5,3,0.29999999999999716,6.45,106,151,110,147,298,321,289,"0.4","-0.4"
8,681146,"Bride, Jonah",29,27.6,0.143,0,0.2,0.143,0.201,0.229,0.166,1,7,80.8,13.6,2079,87,86.75,1,6,2,-0.20000000000000284,6.26,110,148,116,146,305,315,286,"1.3","-1.3"
8,665923,"Ruiz, Esteury",32,25,0.429,0.429,0.429,0.857,0.474,0.255,0.242,3,7,86.6,12.1,2222,85.5,85.89,1,8,0,0.4000000000000057,6.59,102,154,108,147,295,305,288,"-0.2","0.2"
7,624641,"Sosa, Edmundo",23,30.4,0.429,0.429,0.4,0.857,0.553,0.46,0.344,3,7,88.6,23.5,2255,84.6,84.8,1,7,0,0.20000000000000284,6.5,106,152,115,146,299,321,289,"-1.5","1.5"
7,642136,"Thaiss, Matt",34,20.6,0.5,0.167,0.75,0.667,0.541,0.402,0.349,3,6,96.1,28,2216,88.7,88.71,1,5,2,0,6.33,119,148,130,153,292,323,303,"-0.4","0.4"
6,670097,"Short, Zack",25,24,0.2,0,0.333,0.2,0.18,0.22,0.239,1,5,75.3,4.3,2339,87.7,88.13,2,6,0,0.5,6.65,100,151,117,146,294,319,287,"0.4","-0.4"
6,672761,"Pérez, Wenceel",25,24,0.4,0.2,0.667,0.6,0.481,0.35,0.293,2,5,84.1,-6.3,2164,92.6,93.2,0,3,3,0.6000000000000085,6.68,109,147,122,150,296,322,282,"-1.1","1.1"
6,676701,"Trejo, Alan",26,23.1,0,0,0,0,0,0.164,0.157,0,6,91.5,22,2282,93,94.1,1,6,0,1.0999999999999943,6.68,109,153,118,148,300,321,288,"1.5","-1.5"
5,669392,"Taylor, Samad",14,35.7,0.4,0,0.5,0.4,0.36,0.171,0.187,2,5,75.5,12,2182,90.7,91.3,1,5,0,0.5999999999999943,6.76,100,148,110,147,303,309,289,"-0.2","0.2"
5,645302,"Robles, Victor",31,16.1,0,0,0,0,0.424,0.444,0.054,0,2,82.3,28,2306,86.8,87.08,1,2,3,0.29999999999999716,6.68,102,150,108,147,295,313,287,"-0.3","0.3"
5,641511,"Delay, Jason",13,38.5,0,0,0,0,0.177,0.359,0.203,0,3,68.9,30.3,2148,89.8,90.36,0,4,1,0.6000000000000085,6.84,107,148,108,141,291,313,274,"-0.1","0.1"
5,673995,"Wendzel, Davis",11,45.5,0,0,0,0,0,0.109,0.093,0,5,89,32.2,2091,90.9,91.06,0,5,0,0.19999999999998863,6.46,93,151,117,146,299,321,297,"1.2","-1.2"
5,621545,"Remillard, Zach",22,22.7,0.2,0,0.5,0.2,0.18,0.104,0.113,1,5,61.8,-28.5,2438,86.3,86.8,3,5,0,0.5,6.76,105,149,120,148,299,321,278,"0.2","-0.2"
5,592348,"Goodrum, Niko",24,20.8,0,0,0,0,0.141,0.173,0.041,0,4,81.3,-26.5,2186,90.6,90.34,2,4,1,-0.29999999999999716,6.34,113,148,119,150,289,324,300,"1","-1"
5,663853,"Gonzalez, Romy",17,29.4,0.25,0,0.333,0.25,0.322,0.4,0.294,1,4,91.7,-5,2243,85,84.54,1,4,1,-0.5,6.22,110,151,118,146,279,320,306,"-0.5","0.5"
4,666211,"Trammell, Taylor",12,33.3,0,0,0,0,0,0.069,0.076,0,4,74.6,44,2143,89.9,91.58,0,3,1,1.7999999999999972,7.1,122,146,113,155,291,321,301,"0.8","-0.8"
4,682641,"Matos, Luis",12,33.3,0,0,0,0,0,0.194,0.199,0,4,85.6,-2.5,2146,90.3,90.03,0,4,0,-0.29999999999999716,6.42,114,154,127,149,297,317,294,"1.1","-1.1"
3,669221,"Murphy, Sean",8,37.5,0,0,0,0,0,0.086,0.096,0,3,89.1,31.5,2504,90,90.87,1,3,0,0.9000000000000057,6.8,93,146,124,146,288,324,287,"0.2","-0.2"
3,686452,"Millas, Drew",8,37.5,0.333,0,0.333,0.333,0.3,0.176,0.194,1,3,68.4,-54.3,2290,87.9,88.13,0,3,0,0.19999999999998863,6.5,109,146,112,150,270,314,303,"0.5","-0.5"
3,680474,"Schuemann, Max",19,15.8,0,0,0,0,0,0.074,0.07,0,3,95.2,-8,2246,94.2,94.67,1,2,1,0.5,7.07,102,150,117,145,291,330,295,"0.8","-0.8"
3,686894,"Wiemer, Joey",12,25,0,0,0,0,0,0.02,0.02,0,3,75.9,20,2616,91.8,92.17,0,2,1,0.4000000000000057,6.43,113,141,118,138,306,317,286,"0.9","-0.9"
2,679822,"Foscue, Justin",8,25,0.5,0,0.5,0.5,0.45,0.134,0.147,1,2,89.3,31,2289,94.6,94.65,0,2,0,0.20000000000000284,6.5,113,155,121,146,299,312,289,"-0.7","0.7"
2,664954,"Sullivan, Brett",9,22.2,0,0,,0,0,0,,0,2,,,2504,89.3,89.4,2,2,0,0.10000000000000853,6.5,122,146,132,153,281,315,298,"0.6","-0.6"
2,668904,"Lewis, Royce",6,33.3,1,1.5,1,2.5,1.484,1.268,0.871,2,2,93.1,25,2245,92.8,92.3,0,2,0,-0.5,6.15,102,151,123,147,316,327,293,"-1.4","1.4"
2,683083,"Nuñez, Nasim",7,28.6,0,0,0,0,0,0.137,0.151,0,2,94.2,-15.5,1948,91.2,91.95,0,2,0,0.7999999999999972,6.4,99,145,102,151,296,317,279,"0","0"
1,693049,"Colás, Oscar",2,50,0,0,0,0,0,0.042,0.047,0,1,79.3,-14,1132,87.2,87.6,0,1,0,0.3999999999999915,6.5,124,148,111,141,287,307,278,"0.3","-0.3"
1,543518,"McGough, Scott",4,25,0,0,,0,0,0,,0,1,,,2346,94.6,94.7,0,0,1,0.10000000000000853,6.4,122,152,122,152,269,283,248,"0.7","-0.7"
1,663330,"Jones, Jahmai",3,33.3,0,0,,0,0,0,,0,1,,,2411,80.8,78.8,0,0,1,-2,5.2,86,143,112,137,286,313,281,"0.2","-0.2"
1,686780,"Pagés, Pedro",5,20,0,0,,0,0,0,,0,1,,,2624,84.1,84.6,1,1,0,0.5,6.4,116,153,127,148,310,321,290,"0.2","-0.2"
1,657088,"Wall, Forrest",1,100,0,0,0,0,0,0.424,0.465,0,1,96,0,1968,91.7,91.8,0,1,0,0.09999999999999432,6,127,150,128,152,297,325,308,"0.5","-0.5"