Player,metwOBA
aaron judge,1.0009349145301518
shohei ohtani,0.9272649474100831
giancarlo stanton,0.8812394873918595
kyle schwarber,0.8597689995596558
pete alonso,0.8352087863955874
yordan álvarez,0.7982007848099798
byron buxton,0.7948350023573559
hunter goodman,0.7825874563106134
eduardo valencia,0.7822464632813522
junior caminero,0.7803667014621253
nick kurtz,0.7776873846436838
rafael flores,0.7733936327236693
juan soto,0.7690686307256674
cal raleigh,0.7566493693812535
shea langeliers,0.750437010715821
matt olson,0.7365434414576301
munetaka murakami,0.7350318527403034
ben rice,0.7335278203190876
james wood,0.7297390467714584
riley greene,0.728128485557104
rowdy tellez,0.7278143730333909
jo adell,0.715401914651141
kazuma okamoto,0.713185665070024
pete crow-armstrong,0.7119403000458774
griffin conine,0.7100576448129515
kyle stowers,0.7066551973712427
ronald acuña,0.7019169268607736
spencer jones,0.7004715808391466
brandon lowe,0.7001607444812045
mickey moniak,0.6982165075979102
dominic canzone,0.6956290686769112
rafael devers,0.6948931080744057
eugenio suárez,0.6938488777550096
colson montgomery,0.6872275381483622
george springer,0.6826238585666945
randal grichuk,0.6781751276891742
christian encarnacion-strand,0.6748673759734646
coby mayo,0.6735050170795699
alec burleson,0.6715113149463195
willson contreras,0.6709624253149856
seiya suzuki,0.6706007285447539
esmerlyn valdez,0.670251500238798
jake bauers,0.6678209009666655
joey wiemer,0.667442470004837
ketel marte,0.6671215010981111
corbin carroll,0.6667034801416568
addison barger,0.6649828842136519
ramón laureano,0.6636594702390746
jac caglianone,0.6616982599888476
luis garcía,0.6556664901797659
matt wallner,0.6549680589281166
james mccann,0.6547572052105034
bryce harper,0.6539142738802464
jordan westburg,0.6529127916493369
jahmai jones,0.6519056152526862
brent rooker,0.6510104179157276
teoscar hernández,0.6493251733318901
sal stewart,0.6489521227762233
corey seager,0.6463480654590082
elly de la cruz,0.6411907666393296
samuel basallo,0.6408989417559401
julio rodríguez,0.6367692505402903
drake baldwin,0.6364996304066349
kerry carpenter,0.636122411319638
max muncy,0.635813057455864
victor mesa,0.6355644099017663
michael busch,0.6347821761143376
wilyer abreu,0.6318747753764442
carter jensen,0.6311411567966826
oneil cruz,0.6295646535384253
salvador pérez,0.6292902403644263
justin foscue,0.6285633622253513
zach neto,0.6204887054430773
jackson chourio,0.6198361463752317
jackson merrill,0.6186203439568959
casey schmitt,0.6151915297585062
fernando tatís,0.6107375759469452
dillon dingler,0.6106962564636502
jake burger,0.609868812193391
bobby witt,0.6076760352461256
jazz chisholm,0.6056211753400219
lenyn sosa,0.6055391957831572
tyler soderstrom,0.6051548126111238
kody clemens,0.6047531462494211
will smith,0.6037220249856156
josh bell,0.600250936235307
gary sánchez,0.5978837124246392
mark vientos,0.5973135331076255
jonathan aranda,0.5960419797737679
mike trout,0.5933854471622677
gabriel moreno,0.5932227833339722
joc pederson,0.5926677939630504
michael harris,0.59101008688772
austin riley,0.5905451794068166
jeremy peña,0.588372221830425
yainer diaz,0.5864841632521589
francisco lindor,0.5862553291274823
francisco álvarez,0.5853159862646357
manny machado,0.5848559459999464
freddie freeman,0.5846861471570268
cj abrams,0.5840616031380443
heriberto hernandez,0.5825410339513357
andy pages,0.5816662022638446
daulton varsho,0.581450060178316
spencer torkelson,0.5803976417104324
vinnie pasquantino,0.5799263516048735
tyler o'neill,0.5797226067246686
willy adames,0.5793649082718689
will benson,0.5785127178938674
joe mack,0.5784144525026857
kyle manzardo,0.5759754330333118
christian walker,0.5735834008036713
chase delauter,0.5724200863321128
austin hays,0.5717376489642264
colton cowser,0.5695790560355146
jordan walker,0.5664074041348711
brett baty,0.5663661305901655
daylen lile,0.5641677407671628
ryan vilade,0.5633635378488855
paul goldschmidt,0.5626795902168755
amed rosario,0.562531401636515
luke raley,0.5617253077182871
zack gelof,0.5611181494891443
dalton rushing,0.5609009809348576
colby thomas,0.559902255984525
wyatt langford,0.5588140194291633
bryce eldridge,0.5545321483810078
yandy díaz,0.5537193317864684
jorge soler,0.5535100816201864
edmundo sosa,0.5531095366333301
ian happ,0.5520756798970577
gavin sheets,0.5514432721478232
iván herrera,0.5502288105601322
jeremiah jackson,0.5498440985004673
owen caissie,0.5488470463883908
jorge polanco,0.5481580404964873
roman anthony,0.548122072782278
vladimir guerrero,0.5473247601387407
eli white,0.5457574905915997
george lombard,0.5435835200696443
andrés chaparro,0.5434157580333432
alex jackson,0.5429122058695143
randy arozarena,0.5414243804632042
brooks baldwin,0.541227793511845
luis robert,0.5409067873379121
everson pereira,0.5407159714135729
noelvi marte,0.5406239983256139
bo bichette,0.5404657395560124
christian yelich,0.5404079892403512
nathaniel lowe,0.5392221439419205
agustín ramírez,0.538913647749266
ty france,0.5385302915614919
andrew benintendi,0.537869692016933
jj bleday,0.5371444580749763
héctor rodríguez,0.5367643189203463
romy gonzalez,0.5356734977120775
austin wynns,0.5356470734451314
lawrence butler,0.5351034223713877
tyler stephenson,0.534148377912692
carson benge,0.533882241618017
brice turang,0.533730333994513
trent grisham,0.5336340492191675
andrew vaughn,0.5330802066655418
yohendrick pinango,0.53307642186575
dansby swanson,0.5328649615564645
adolis garcía,0.5327783992914159
trevor story,0.5327677679903536
josé ramírez,0.5327609507429231
otto kemp,0.5320058277483039
bryan reynolds,0.5316603032919242
ryan jeffers,0.531637587084516
jesús sánchez,0.5315244594205916
rob refsnyder,0.5307960061413283
marcell ozuna,0.5303588785907928
heliot ramos,0.5301761042704309
ryan mcmahon,0.5292011658873733
jared young,0.5287573042947217
cj kayfus,0.52874991017183
miguel vargas,0.5286960570082004
abimelec ortiz,0.5273811398007404
ronny mauricio,0.5271571300607831
brandon marsh,0.526997158206059
spencer steer,0.5240041056241539
kyle tucker,0.523857835145054
brice matthews,0.5227994720763154
enrique hernández,0.5225877532475997
gabriel arias,0.5225863496521451
sean murphy,0.5222702097057582
alejandro kirk,0.5215782359384133
alex bregman,0.5215183795753835
rhys hoskins,0.5205262802098071
william contreras,0.5203583558258149
gunnar henderson,0.5195150470141483
cody bellinger,0.5194363543895774
curtis mead,0.5188266366784138
nick castellanos,0.5173706344534231
josh jung,0.5156670638963025
carlos correa,0.5142794303777937
trevor larnach,0.5138674690640449
miguel amaya,0.5138019082748658
kyle teel,0.513330015641899
nolan arenado,0.5120536651050456
carson williams,0.5119629037938916
brandon nimmo,0.5110350851173919
nolan gorman,0.5103813978233286
ryan o'hearn,0.5088118300406028
michael conforto,0.5082580140155952
cole carrigg,0.5078570931186775
harrison bader,0.507464146905451
derek hill,0.5063799368967824
jarren duran,0.5054282964939458
kyle higashioka,0.5041821183859291
wenceel pérez,0.5032133466895562
taylor ward,0.5020686514371938
jack suwinski,0.5019276958134705
jake mccarthy,0.5015130559630814
carlos cortes,0.5008448050755806
mookie betts,0.500714745784658
eric haase,0.4979429370039586
hao-yu lee,0.4975881212406884
austin wells,0.49621157013820316
james outman,0.49604714709927933
ceddanne rafaela,0.4957130869476673
jordan lawlar,0.4955389887092082
willi castro,0.4954814476866599
jake fraley,0.49527116500938334
ezequiel tovar,0.495211539893621
jurickson profar,0.49484356344175545
logan o'hoppe,0.49373713682708825
konnor griffin,0.49306818427356036
brady house,0.4930443287729539
kevin mcgonigle,0.4920137767010363
matt chapman,0.4919204998293791
garrett mitchell,0.49185140927019577
yoán moncada,0.49118064323799965
kyren paris,0.4908201101954006
christopher morel,0.49054240499876073
angel martínez,0.4904145772115276
eric wagaman,0.4902836597201169
reese mcguire,0.4895737707340228
moisés ballesteros,0.4889155496226075
isaac paredes,0.488826213574364
miguel andújar,0.4880851966931189
jhonkensy noel,0.4879712898798991
michael toglia,0.4879655492337858
shay whitcomb,0.487208237323661
josh naylor,0.48653729628047016
max kepler,0.4863278680850312
jacob gonzalez,0.4862948645349847
dylan crews,0.4851442553506839
carson kelly,0.4845372942721474
colt keith,0.4844337797105452
michael taylor,0.48429237262995
royce lewis,0.4841317160660344
tj rumfield,0.483341986139735
blaze jordan,0.48327412445688056
joey loperfido,0.4809921750174367
luis campusano,0.48097234101079395
dylan moore,0.48070539694009007
mike tauchman,0.4781293250894772
pavin smith,0.47598421152273185
tim tawa,0.47591713535314745
dominic smith,0.47574912503810274
starling marte,0.47429236049373885
jordan beck,0.47423722640174587
alexander canario,0.4737926838847578
josh lowe,0.4736577091347427
connor norby,0.4734604424415526
mickey gasper,0.47223402661816155
javier báez,0.47217967750327433
otto lopez,0.4713510313915083
travis bazzana,0.47123501403383017
donovan walton,0.47121934157982753
troy johnston,0.47089745807641264
spencer horwitz,0.47076413968619285
cam smith,0.4693624664555262
endy rodríguez,0.4680828903898959
brooks lee,0.46668594060818175
davis schneider,0.466070027373224
adrian del castillo,0.46485921004993447
tyrone taylor,0.46368963797658175
alec bohm,0.46327642724032564
michael helman,0.4628157695108869
weston wilson,0.46244237635199276
henry bolte,0.4622485097510466
vaughn grissom,0.4617693492078568
j. t. realmuto,0.4617323104759503
daniel susac,0.4616476948016239
mike yastrzemski,0.46162910624923714
lane thomas,0.4603775209556221
adley rutschman,0.46036969786764703
josé altuve,0.46033421733979935
lars nootbaar,0.46013906356007417
tommy troy,0.45940851900544977
jasson domínguez,0.4592914779967497
dylan beavers,0.4591109570592456
gleyber torres,0.45888009226934584
luis matos,0.4588717019051943
paul dejong,0.4570523957626397
jonah cox,0.4568599923344051
bryson stott,0.4563169564643079
cole young,0.4553527599148816
miguel rojas,0.4550116529772093
tommy edman,0.4537626774815516
jeimer candelario,0.45369371978389983
alek thomas,0.4533940833462384
lourdes gurriel,0.4532265369635069
josé siri,0.45271411889349866
maikel garcía,0.45246260088308526
ramón urías,0.4521129351726964
brandon valenzuela,0.45210510549335975
tommy pham,0.4518422735472401
christian moore,0.4518279386931604
brett sullivan,0.4507555580529306
brendan donovan,0.4503258531847496
trea turner,0.4495450435237059
ryan mountcastle,0.4495376128613206
john rave,0.4489210378283781
michael massey,0.4482644180282387
luis torrens,0.4482301761376552
ezequiel duran,0.448014256626738
mitch garver,0.44793046770794465
brenton doyle,0.4470931948088355
bo naylor,0.4470335008301057
denzer guzman,0.446649633055598
geraldo perdomo,0.44663794394279965
martín maldonado,0.44640154075993166
a. j. ewing,0.4458651016255536
taylor trammell,0.44566711916243323
blaze alexander,0.4451387977582666
víctor caratini,0.44467533215887245
jonny deluca,0.44442718145861726
tristan peters,0.4433449986115542
keibert ruiz,0.44280982001232705
david fry,0.4419343328397772
andruw monasterio,0.4419160011557033
kyle karros,0.4418965444036236
pedro ramírez,0.44141967273021854
austin slater,0.4408785449063835
drew gilbert,0.44072370253125176
ryan kreidler,0.4402648392259947
pedro pagés,0.44008715480603733
yanquiel fernández,0.43952213395253514
daniel schneemann,0.4393136088229893
javier sanoja,0.43753341333827833
anthony volpe,0.43677116933495647
jacob wilson,0.4365113692729055
wilmer flores,0.4359896080678453
jackson holliday,0.4348101665228669
masataka yoshida,0.4341766845828409
luke keaschall,0.4338423097247149
abraham toro,0.4337139907196539
ildemaro vargas,0.43288913103836246
danny jansen,0.431707228882452
matt shaw,0.42991711924336096
yohel pozo,0.42968211292929714
matt mclain,0.42912123419174525
jj wetherholt,0.4284178298511876
ryan waldschmidt,0.42767833532790356
andrew mccutchen,0.42701380857821714
ozzie albies,0.426455851027482
jung hoo lee,0.4256939166588822
heston kjerstad,0.42527373227167986
jeff mcneil,0.422636314348789
dustin harris,0.4217561613913783
tristan gray,0.42005192482890424
jakob marsee,0.4159563207689794
cedric mullins,0.41526247077383277
marcus semien,0.41512847210443937
zach dezenzo,0.4150302597246533
brayan rocchio,0.4139285302782796
nolan schanuel,0.41390985714919193
carlos narváez,0.41290088124266516
jonah heim,0.4127303869429466
elías díaz,0.41199542768760733
xander bogaerts,0.41037298100509995
liam hicks,0.40933631489837974
hyeseong kim,0.4090544160373862
warming bernabel,0.40894400783923196
nick gonzales,0.408432922770774
riley adams,0.40778940286637394
luis urías,0.407614599076262
jimmy crooks,0.4067350373881546
esteury ruiz,0.40632761586638794
ben malgeri,0.4038595805037223
mauricio dubón,0.4035395614805891
max clark,0.40279343257811057
nathan lukes,0.40230141484957965
nick fortes,0.4016408372170251
kyle farmer,0.40163773358418053
henry davis,0.4014622598564266
josh smith,0.40137647344069705
samad taylor,0.401266628701938
nick loftin,0.4008846443530224
jose fernandez,0.4003297491623169
joey bart,0.39778808253642756
ernie clement,0.39737329257482307
brett bateman,0.39725321837534977
chase meidroth,0.397212425200177
andrew knizner,0.3966429327236826
jonatan clase,0.39653793236745694
dane myers,0.3960590511136794
colt emerson,0.39596169438336065
nico hoerner,0.39566837409283295
jorge mateo,0.39466253456163247
travis d'arnaud,0.39418823318022134
richie palacios,0.39360496121260824
patrick bailey,0.39356860104494956
josé tena,0.39303580591563597
nick sogard,0.3929541505729495
leody taveras,0.3928784200446452
robert hassell,0.39264593979880036
j. p. crawford,0.39233888669202216
j. c. escarra,0.39075459823082886
sam antonacci,0.3906264221837547
thomas saggese,0.39052487911417033
marcelo mayer,0.39018867078445746
caleb durbin,0.3900336871030695
jarred kelenic,0.38899628948000226
jose trevino,0.3889112796411579
nathan church,0.3884795252782221
braden montgomery,0.3882123257038645
petey halpin,0.38777391537870154
luis rengifo,0.3874068531374852
jonathan india,0.38679660984294106
graham pauley,0.3861349235517918
ryan ritter,0.3846733456274634
luis arráez,0.3835001263210429
sal frelick,0.3825373008943386
kristian campbell,0.3820494509737975
tommy white,0.3812132950924069
andy ibáñez,0.380854627248028
andrés giménez,0.38072578145561414
josé caballero,0.37958573811755025
josé fermín,0.3794580242198581
parker meadows,0.3791654222675391
jhonny pereda,0.3784605546623304
osleivis basabe,0.3784232402474066
mark canha,0.37822028473402974
wade meckler,0.37649033876338267
edouard julien,0.3759963929736983
gio urshela,0.3757171252992698
tyler locklear,0.37524429000856163
nolan jones,0.37511653557206587
austin hedges,0.37253084575427237
jake meyers,0.37160770676115756
dylan carlson,0.37100533738376734
jake cronenworth,0.3708872509313273
drew waters,0.37071586562527675
justin turner,0.36665438062407385
joey ortiz,0.36628239970292015
anthony santander,0.3659128863757912
jared triolo,0.3641692927326432
thairo estrada,0.3639056921857201
cooper pratt,0.36319565014008615
zach mckinstry,0.3630977809601481
gavin lux,0.3612741179339857
bryan de la cruz,0.3604991250146549
dj lemahieu,0.3600872111265294
christian koss,0.35790883793114764
freddy fermin,0.3567566498583503
donovan solano,0.35567484474637856
carlos santana,0.35507486966048357
steven kwan,0.3548670355957226
bryan torres,0.35348346447304513
alika williams,0.3531739782308159
joshua palacios,0.35219960353749363
oswald peraza,0.35163297446125696
braxton fulford,0.3514980799922995
tyler freeman,0.35068571383377667
masyn winn,0.350484825338072
david hamilton,0.35033574851110905
myles straw,0.3493329082680096
alex call,0.34844139823487436
nick yorke,0.3483982716759359
jacob young,0.34825753766184564
chris taylor,0.348193280041825
adam frazier,0.3477800270276224
jake mangum,0.34730288367473594
drew romo,0.34644822183109303
tj friedl,0.3460781749705586
mj melendez,0.345613459691739
matt vierling,0.34516903398850146
xavier edwards,0.3450553476966821
kyle isbel,0.342657663102778
kameron misner,0.34175879877710585
isaac collins,0.34056392751975867
max schuemann,0.33907491003455015
cody freeman,0.3378411472804988
tyler fitzgerald,0.3369257672676726
alex freeland,0.3359949022639253
connor wong,0.33157609995851905
ben williamson,0.3314224282372156
evan carter,0.33084123281359656
bryce johnson,0.330779296156496
anthony seigler,0.33042506982711567
austin martin,0.3300720416121877
tyler tolbert,0.32976747589927957
lamonte wade,0.32918237995675553
orlando arcia,0.3282566615824563
edgar quero,0.3276999718835087
alan roden,0.32679974136771056
luis lara,0.326675916598078
sam haggerty,0.3265445493929759
denzel clarke,0.3261328004227028
jake rogers,0.3249901127537373
blake dunn,0.32440574911518744
víctor robles,0.3229470781713035
trey sweeney,0.3219235678438926
drew cavanaugh,0.3174745076699748
christian vázquez,0.31690119015544965
brandon lockridge,0.31224553578389896
ke'bryan hayes,0.3120182011768893
nacho alvarez,0.3119920117921527
alex verdugo,0.3117073863058397
chandler simpson,0.31149410693700863
blake perkins,0.311031909151824
jorge barrosa,0.310511547371442
ronny simon,0.3098724043616876
adael amador,0.3089168130796821
justin crawford,0.3082352610532295
hunter feduccia,0.3073457579403768
drew millas,0.30402035666826355
jose iglesias,0.3026787947169971
edwin arroyo,0.30252022796885497
alejandro osuna,0.301535661317729
victor scott,0.3011913033218353
santiago espinal,0.2999991122353658
connor joe,0.2989574968277898
oswaldo cabrera,0.2948698060624424
jorbit vivas,0.2937136352954372
josh rojas,0.2926910638711711
isiah kiner-falefa,0.2924968415294033
tyler heineman,0.29139000886803
darell hernaiz,0.2892593367165381
ha-seong kim,0.28795301973748993
matt thaiss,0.2877965652253567
johan rojas,0.2871036709324274
nate eaton,0.28590676749839483
bryce teodosio,0.2816926539522481
will wagner,0.2753894342707837
miles mastrobuoni,0.27387596491131017
luisangel acuña,0.2724356420927399
nick allen,0.27201589556287875
taylor walls,0.26904465128496086
rafael marchán,0.268689701454351
leo jimenez,0.2591260956706091
nicky lopez,0.25243585256937273
nasim nuñez,0.2468998077183872
ben rortvedt,0.2292913796510685
leo rivas,0.22600312918093243
tyler wade,0.2090107803550327
sung mun song,0.20873393353709765
josé herrera,0.2056550206807473
jonah bride,0.18324085617254515
